구상권코드,상권코드명,행정동코드
2110753,시흥동 은행나무사거리,11545710
2110427,노원 을지대학교병원,11350611
2110755,동일여자고등학교,11545680
2110739,시흥3동 우편취급국,11545690
2111017,송파나루역 3번,11710562
2110249,중화역 1번,11260600
2110963,역삼월드메르디앙아파트,11680640
2110332,돌곶이역 3번,11290770
2110245,KB국민은행 중화동지점,11260610
2110719,영서중학교,11530540
2110932,서울시인재개발원,11650510
2110933,한국상담대학원대학교,11650510
2110868,남부초등학교,11620685
2110395,신한은행 방학동지점,11320690
2110393,국민은행방학지점,11320710
2110114,왕십리파출소,11200535
2110760,선유도역 6번,11560620
2111068,강동성심병원,11740685
2110619,목4동주민센터,11470540
2110093,우사단길,11170685
2110734,금천파출소,11545670
2111030,방이역 2번,11710570
2110573,신촌역 6번,11440600
2110053,청구역 1번,11140615
2110972,강남세브란스병원미래의학연구센터,11680650
2110911,방배배수지체육공원,11650620
2110969,베르사이유1아파트,11680650
2111002,한국교통안전공단 강남자동차검사소,11680700
2110863,난우초등학교,11620765
2110751,난곡중학교,11545630
2110993,개포지하차도 북측,11680660
2110725,가산동주민센터,11545510
2110723,가산디지털단지역 1번 출입구,11545510
2110938,바우뫼공원,11650651
2110999,윗방죽마을공원,11680700
2110941,언남고등학교,11650652
2110087,이태원엔틱가구거리,11170650
2110094,오산중학교,11170700
2110262,상봉역 3번,11260590
2110279,신내역 2번,11260655
2110107,금호사거리,11200620
2110576,대흥역 3번,11440600
2111010,석촌역 7번,11710600
2110098,서울독일학교,11170685
2110669,화곡보람2차아파트,11500591
2111081,둔촌푸르지오아파트,11740700
2110331,돌곶이역 8번,11290810
2110786,당산역 8번,11560560
2110956,언주역 8번,11680640
2111003,삼전역 4번,11710650
2110565,홍익대,11440655
2110149,세종대학교,11215730
2110110,상왕십리역 6번,11200520
2110539,미근동,11410565
2110505,홍남교남측,11410615
2110055,황학동벼룩시장,11140670
2110122,마장역 2번,11200540
2111065,천일초등학교,11740620
2110305,보문역 5번,11290600
2110499,연가초등학교,11410720
2110150,중곡1동 마을마당,11215740
2110236,신묵초등학교,11260630
2111023,문정역 1번,11710641
2110925,서초중학교,11650530
2110910,내방역 5번,11650621
2110775,대동초등학교,11560710
2110854,조원동주민센터,11620725
2110853,KT구로지사,11620725
2110918,방배역 3번,11650600
2110243,중랑노인종합복지관,11260520
2110935,한전아트센터,11650520
2110585,마포경찰서,11440555
2110871,신원동주민센터,11620655
2110811,보라매역 4번,11560680
2110992,도곡초등학교,11680630
2111043,마천공원,11710550
2111039,벌말어린이공원,11710570
2110771,대림역 11번,11560710
2110700,고척초등학교,11530720
2110903,방배아이파크아파트,11650590
2110709,구로119안전센터,11530530
2110986,삼성중앙역 7번,11680590
2110949,한남IC,11680510
2111026,문정역 2번,11710641
2110621,목동역 5번,11470510
2110684,서울공연예술고등학교,11530790
2110757,양평역 2번,11560610
2110878,미림여고,11620745
2110866,난우중학교,11620775
2110379,KT&G 북부지사,11305590
2110882,신성초등학교,11620665
2110724,금천구립가산도서관,11545510
2110926,신중초등학교,11650530
2111016,송파역 2번,11710590
2110223,군자초등학교,11230650
2110648,양천향교역 7번,11500603
2110629,송정역 4번,11500620
2110023,서울대병원,11110640
2110946,청계산원터골,11650652
2110160,광진경찰서,11215850
2110923,방배역 1번,11650620
2110788,영등포시장역 3번,11560535
2111011,잠실나루역,11710690
2110950,논현역 7번,11680521
2110991,삼성중앙역 5번,11680580
2110774,당산반도유보라팰리스아파트,11560560
2110796,한림대학교한강성심병원,11560535
2110601,신월1동우편취급국,11470560
2110687,"천왕역 3번(오류2동주민센터, 서울오류남초등학교)",11530780
2110618,강서고등학교,11470540
2110545,마포구청역 1번,11440730
2110460,구산역 4번,11380552
2110483,연천초등학교,11380530
2110906,서문여고,11650621
2110626,양화초등학교,11470520
2110745,독산동정훈단지,11545620
2110790,대림1동주민센터,11560670
2110795,도림초등학교,11560650
2110501,연희어린이공원,11410615
2110514,서대문우체국,11410585
2110838,상도1동주민센터앞,11590530
2110488,우리은행응암동지점,11380580
2110288,동구여중,11290525
2110204,간데메공원,11230600
2110340,인수중학교,11305660
2110011,청운초등학교,11110515
2110189,제기동역 1번,11230545
2110231,장안교,11230660
2110475,백련산해모로아파트,11380580
2110890,봉천역 1번(관악초등학교),11620595
2110435,서울과학기술대,11350600
2110401,도봉구민회관,11320515
2110337,아카데미하우스,11305660
2110195,동대문구청,11230536
2110388,도봉우체국,11320680
2110224,외대앞역 2번,11230720
2110246,월드순복음교회,11260590
2110423,석계역 2번,11350560
2110271,신내역 1번,11260680
2110104,신금호역 4번,11200615
2110193,고려대역 4번,11230545
2110373,수유역 2번,11305590
2110960,은광여고,11680655
2111055,선사초등학교,11740580
2110773,당산역 13번,11560620
2110072,열정도,11170560
2110121,한양대역 4번,11200550
2110990,청담역 12번,11680565
2110797,KT대방빌딩,11560680
2110100,옥수동우편취급국,11200645
2110091,리움미술관,11170685
2110805,신길새마을금고신길4동지점,11560660
2110663,우장산롯데캐슬아파트앞,11500591
2110530,아현역 1번,11410555
2110026,종로5가역 4번,11110630
2110043,충무초등학교,11140580
2110564,홍대입구역 3번,11440660
2110948,헌인가구단지,11650660
2110238,배꽃어린이공원,11260610
2110914,내방역 6번,11650621
2110880,신림역 1번,11620645
2110779,대림갑을명가아파트,11560700
2110791,신풍역 3번,11560670
2111037,Sh수협은행 오금동금융센터(아랫말어린이공원),11710570
2110705,고산초등학교,11530720
2110570,KB국민은행 서강지점,11440630
2110921,서울프랑스학교,11650581
2110798,신풍역 2번,11560680
2110852,이수역 9번,11590620
2110343,무너미어린이공원,11305645
2110523,홍제성원아파트,11410620
2110200,동대문경찰서,11230705
2110965,언주역 6번,11680640
2110275,하나은행 망우동지점,11260655
2110298,솔숲어린이공원,11290620
2110347,구세군강북종합사회복지관,11305534
2110383,덕성여대시반거리,11320660
2110389,한일병원,11320680
2110342,국립재활원,11305660
2110412,창동중학교,11320690
2110320,KB국민은행 종암동지점,11290705
2110678,염창무학아파트,11500510
2110146,신자초등학교,11215840
2110073,삼각지역 3번,11170625
2110151,자양한강도서관,11215830
2110169,성동초등학교,11215830
2111076,둔촌2동주민센터,11740700
2111067,강동구립성내도서관,11740660
2110154,광진정말공원,11215820
2111058,성내중학교,11740640
2110783,영등포시장역 1번,11560535
2110143,뚝섬유원지역 1번,11215840
2110092,NH농협은행 보광동지점,11170700
2110144,어린이대공원역 4번,11215710
2110059,새남터성지,11170640
2110044,관성묘,11140580
2110088,오산고등학교,11170690
2110770,영등포구청역 6번,11560550
2110976,언북초등학교,11680565
2110155,광진구청,11215820
2110267,망우역 2번,11260580
2110600,신월7동주민센터,11470611
2110985,청담근린공원,11680565
2110756,문래중학교,11560610
2110129,성원어린이공원,11200660
2110234,중랑역 4번,11260610
2110045,동대문역사문화공원역 5번,11140580
2110398,쌍문2동우체국,11320670
2110704,고척중학교,11530720
2110981,국악고교사거리,11680690
2110381,번동주공2단지,11305606
2110977,논현로18길,11680690
2111082,중앙보훈병원,11740700
2110628,신목동역,11470520
2110126,서울숲역 1번,11200650
2110556,절두산순교성지,11440680
2110180,광진정보도서관,11215810
2110577,용강동주민센터,11440590
2110653,화곡역 2번,11500615
2110148,어린이대공원역 3번,11215710
2110581,염리초등학교,11440610
2110139,자양4동주민센터,11215847
2111071,천동초등학교,11740685
2110102,옥수역 6번,11200645
2110908,구반포역,11650550
2111041,거여역 8번,11710531
2110777,구로세무서,11560605
2110764,문래역 3번,11560550
2110959,신구중학교,11680545
2110962,도산공원북측,11680545
2110070,용산세무서,11170625
2110604,신월4동주민센터,11470590
2110602,신월시영아파트중문,11470611
2110643,강서구다솔마을,11500620
2110598,신월문화체육센터,11470611
2110729,가산동우체국,11545510
2110761,문래동남성맨션,11560605
2110784,신대림초등학교,11560700
2110818,신대방역 3번,11590670
2110553,가좌역 2번,11440730
2111045,개미어린이공원,11710647
2110461,새절역 2번,11380600
2110476,역촌역 2번,11380570
2110842,흑리단길,11590605
2110287,정릉3동주민센터,11290640
2110312,안암역 2번,11290600
2110494,증산3교남측,11410710
2110504,명지전문대,11410685
2110184,용두사거리,11230536
2110183,한국의류시험연구원,11230536
2110244,중화역 4번,11260610
2110434,태릉입구역 4번,11350595
2110386,연산군묘,11320710
2110248,먹골파출소,11260620
2110132,성수2가3동주민센터,11200690
2110145,장안초등학교,11215730
2111080,굽은다리역 3번,11740530
2110612,신정역 5번,11470650
2110082,용산구청,11170650
2110594,신월중학교,11470600
2110141,건대입구역 1번,11215710
2110103,옥수터널,11200620
2111078,굽은다리역 4번,11740685
2110644,신광명마을,11500611
2110096,한남힐사이드아파트,11170685
2110127,성수1가1동주민센터,11200650
2110097,한남초등학교,11170685
2110561,상수역 4번,11440655
2110264,면목역 2번,11260565
2110166,구의1동주민센터,11215850
2110136,경수초등학교,11200670
2110438,경춘선숲길 우측,11350600
2110131,성수동카페거리,11200670
2110566,경의선책거리,11440660
2110569,홍대땡땡거리,11440660
2110554,망원역 1번,11440660
2110054,청구역 3번,11140645
2110582,이대역 5번,11440610
2110650,우장산힐스테이트,11500615
2110164,아차산역 5번,11215780
2111032,방이역 1번,11710570
2110677,등촌역 1번,11500520
2110699,덕의초등학교,11530730
2111015,석촌역 3번,11710580
2110814,서울지방병무청,11560690
2110826,장승배기역 4번,11590540
2110177,동의초등학교,11215860
2110623,갈산공원,11470680
2110111,대현산장미원,11200580
2111006,석촌고분역 1번,11710610
2110047,다산성곽길,11140625
2111004,삼전역 1번,11710650
2110967,역삼역 8번,11680640
2110555,홍익지구대,11440660
2110575,대흥동주민센터,11440600
2110050,약수역 7번,11140635
2110649,우장산역 1번,11500615
2110168,대원고등학교,11215770
2110580,양원초등학교,11440600
2110661,강서새말어린이공원,11500591
2110106,금북초등학교,11200590
2110174,아차산역 1번,11215770
2110540,망원나들목체육관,11440690
2110557,홍대부속여중고앞,11440660
2111070,천호초등학교,11740600
2110051,한양공고앞 교차로,11140615
2110624,목동문화체육센터,11470520
2111084,길동신동아아파트,11740685
2110101,옥정중학교,11200645
2110559,성산중학교,11440680
2110170,동대부여고,11215850
2110159,구의역 4번,11215820
2111083,GS강동자이아파트,11740685
2110134,성수119안전센터,11200670
2111007,석촌고분역 4번,11710610
2111009,송파책박물관,11710600
2110075,숙대입구역 1번,11170530
2110563,상수역 3번,11440655
2110120,서울숲카페거리,11200660
2110567,광흥창역 6번,11440655
2110179,광나루역 1번,11215810
2110217,자동차부품상가,11230610
2111051,천호역 6번,11740650
2110065,남정초등학교,11170560
2110579,마포역 4번,11440585
2110173,구남초등학교,11215870
2110095,한강진역 3번,11170685
2110076,삼각지역 14번,11170625
2110034,창신1동주민센터,11110670
2110843,사당5동주민센터,11590651
2110599,신월1파출소,11470560
2111056,천호태영아파트,11740620
2110140,건대입구역 6번,11215847
2110667,가양역 10번,11500535
2110844,흑석2치안센터,11590605
2111012,석촌역 6번,11710600
2110268,망우3동주민센터,11260660
2110543,중암중학교,11440730
2110086,이태원역 북측,11170650
2111020,방이동고분군(방산고등학교),11710561
2110793,대림썬프라자,11560700
2110099,유엔빌리지길,11170685
2110058,성심여자고등학교,11170570
2110593,신월3동주민센터,11470580
2110176,해오름공원,11215770
2110040,중구회현체육센터(정화예술대남산캠퍼스),11140540
2111008,석촌고분역 3번,11710600
2110118,왕십리역 9번,11200560
2111063,강동구립 천호도서관,11740620
2110133,서울교통공사,11200790
2110721,가리봉파출소,11530595
2110888,청룡동주민센터,11620595
2110436,상계제일중학교,11350624
2110697,개봉3동주민센터,11530760
2111040,거여초등학교,11710570
2110889,봉천역 6번,11620605
2110858,신대방역 1번,11620685
2110964,싸리고개근린공원,11680655
2110975,매봉역 1번,11680655
2110511,연희초등학교,11410615
2110165,국립정신건강센터,11215750
2110508,서연중학교,11410615
2111069,천호1동주민센터,11740600
2110161,중곡역 3번,11215760
2110660,등촌3동주민센터,11500535
2110560,마포FM,11440710
2110153,중곡1동주민센터,11215740
2110674,강서구청가양동별관,11500605
2110229,장평중학교,11230650
2110652,양천향교역 2번,11500603
2110032,수족관거리,11110670
2110497,가좌역 3번,11410690
2110225,촬영소사거리,11230610
2110171,중곡4동주민센터,11215770
2110198,동대문중앙새마을금고본점,11230545
2110015,청와대사랑채,11110515
2110186,종암초등학교,11230545
2110259,사가정역 1번,11260575
2110702,개봉초등학교,11530760
2110919,내방역 8번,11650621
2110845,사당종합체육관,11590640
2111027,문정초등학교,11710641
2110591,충정로역 6번,11140680
2111090,강일동주민센터,11740515
2111021,방이역 4번,11710561
2110655,발산역 5번,11500615
2110039,회현역 1번,11140540
2110541,동교초등학교,11440700
2110004,대신고등학교,11110570
2110162,군자역 4번,11215750
2110041,남산케이블카,11140550
2110520,경의중앙 신촌역,11410585
2110147,능동우편취급국,11215730
2110636,방화역 2번,11500630
2110185,용두초등학교,11230536
2110115,상왕십리역 3번,11200535
2110057,황학코아루아파트,11140670
2110437,당고개역 2번,11350665
2110524,연희세브란스병원,11410585
2110534,경기대학교,11410565
2110152,중곡어린이공원,11215740
2110548,마포구청역 4번,11440720
2110722,G타워,11530540
2110537,충정로현대아파트,11410565
2110119,마장지하차도,11200540
2110226,장안1동주민센터,11230650
2110218,답십리사거리,11230610
2110038,경향신문사,11140520
2110536,돈의문센트레빌아파트입구,11410520
2110158,중곡3동주민센터,11215760
2110240,태릉시장 특화거리,11260610
2110500,남가좌동현대아파트,11410700
2110025,충신시장옆,11110630
2110633,개화산역 1번,11500640
2110036,동묘앞역 3번,11110710
2110030,동대문역 3번,11110670
2110641,공항고등학교,11500630
2110517,서대문소방서,11410615
2110439,당고개역 5번,11350665
2110209,답십리 장령당공원,11230600
2110518,서대문구청,11410615
2110637,송정역 2번,11500620
2111061,암사역 1번,11740570
2110631,방화초등학교,11500640
2110716,구로나눔길,11530530
2110657,양천향교역 5번,11500535
2110526,봉원사,11410585
2111033,문정동성당,11710646
2110330,돌곶이역 1번,11290770
2110693,오류동역 4번,11530770
2110917,서초소방서,11650581
2110615,신서초등학교,11470620
2110994,개포고등학교,11680670
2110698,개웅초등학교(개웅중학교),11530760
2111088,고덕동성당,11740560
2110078,이촌동점보아파트,11170630
2110973,강남구청역 4번,11680565
2110988,청담역 3번,11680580
2110966,논현2동주민센터,11680531
2110799,영등포본동주민센터,11560515
2110970,학동초등학교,11680531
2110211,전곡마을마당공원,11230560
2110974,언주중학교,11680590
2110216,전농중학교,11230570
2110205,경희대삼거리,11230710
2110825,신대방삼거리역 1번,11590550
2110834,동작구자원봉사센터,11590510
2110689,오류동역 3번,11530770
2110861,관악구신사동주민센터,11620685
2110690,오류2동버들시장,11530780
2110625,신정2동주민센터,11470630
2110782,영등포시장역 4번,11560535
2110089,서빙고동주민센터,11170690
2110806,서울시립영등포장애인복지관,11560535
2110609,신정네거리역 2번,11470640
2110758,문래소공원,11560605
2110954,국기원,11680640
2110995,봉은사역 4번,11680580
2110616,양목초등학교,11470650
2110968,강남구청역 2번,11680531
2110071,한강미주맨션아파트,11170630
2110607,금빛새마을금고본점,11470570
2110613,신정네거리역 4번,11470620
2110206,텃골근린공원,11230560
2110670,신곡초등학교,11500570
2110646,푸른들청소년도서관,11500560
2110647,화곡역 5번,11500540
2110597,신월1동주민센터,11470560
2110596,서서울호수공원,11470580
2110256,면목2동체육관,11260520
2110982,강남구보훈회관,11680590
2110695,개봉1동주민센터,11530730
2110997,대청초등학교,11680730
2110835,상도역 1번,11590530
2110952,논현목련공원,11680521
2110208,시조사삼거리,11230710
2111064,둔촌동역 4번,11740660
2110219,삼육보건대학교,11230730
2110258,면동초등학교,11260565
2110833,상도역 2번,11590540
2110780,신길대성유니드아파트,11560670
2110989,대치동아우편취급국,11680630
2110175,푸른동산공원,11215870
2110083,서빙고역 1번,11170690
2110706,그라운드 고척,11530720
2110692,큰굴다리,11530740
2110831,상도4동주민센터,11590560
2111005,삼전역 3번,11710610
2110167,용마초등학교,11215750
2110156,군자역 5번,11215780
2111025,경찰병원역 3번,11710632
2111038,보인중학교,11710570
2110823,신대방삼거리역 3번,11590680
2110720,대림역 2번,11530550
2110686,수궁동주민센터,11530790
2110713,구로보건소,11530560
2110691,개봉중학교,11530740
2110772,신우어린이공원,11560720
2110808,신길역 1번,11560515
2110605,목동센트럴아이파크앞,11470610
2110768,도림2동유수지내체육시설,11560585
2110839,숭실대입구역 4번,11590530
2110703,개봉역,11530740
2111036,투구봉어린이공원,11710632
2111014,송파나루역 2번,11710562
2110915,서래초등학교,11650590
2110714,구로4동주민센터,11530550
2110603,지향초등학교,11470640
2110765,문래동사거리,11560605
2110951,신사은행나무공원,11680510
2110682,온수역 8번,11530790
2110617,등촌역 4번,11470530
2110912,방배동사이길,11650590
2110125,사근동살곶이상점가,11200550
2110856,미성초등학교,11620765
2110828,노량진역 6번,11590520
2110961,언주역 3번,11680531
2110809,장훈고등학교,11560515
2110666,KC대학교,11500591
2111019,한성백제역 3번,11710562
2110658,화곡초등학교,11500590
2110672,백석중학교,11500530
2110654,까치산역 4번,11500540
2110673,뜸부기어린이공원,11500570
2110645,우장산역 4번,11500611
2110762,선유도역 1번,11560620
2110659,화곡역 4번,11500590
2110595,메디힐병원,11470600
2110664,강서구청옆,11500591
2110207,시립대앞사거리,11230560
2110665,곰달래도서관,11500550
2110708,화원어린이공원,11530530
2110668,화곡2동주민센터,11500550
2110606,신한은행 신월동지점,11470590
2110662,까치산역 1번,11500593
2110620,목동보건지소,11470540
2110701,고척동성당,11530730
2110542,마포구청역 7번,11440700
2110090,한국폴리텍대학서울정수캠퍼스,11170700
2110614,목동로데오거리,11470650
2110656,까치산역 3번,11500540
2110987,영동대교남단,11680565
2111029,오금역 4번,11710632
2110611,신정역 1번,11470650
2110763,영등포구청역 2번,11560550
2110859,난향초등학교,11620715
2110685,금강수목원아파트,11530780
2110212,답십리초등학교,11230600
2110979,청담초등학교,11680565
2110816,대방역 6번,11560630
2110872,신림초등학교,11620655
2110740,금천해태공원,11545670
2110857,미성동주민센터,11620765
2110748,백산초등학교,11545710
2110747,석수역 1번 출입구,11545690
2110741,독산2동주민센터,11545620
2111044,남천초등학교,11710550
2110465,연신내역 7번,11380551
2110446,내를건너서숲으로도서관,11380632
2110052,장충초등학교,11140625
2110049,장충단 고개,11140625
2110639,신방화역 8번,11500630
2110109,금호삼성래미안아파트,11200590
2110683,오류고등학교,11530790
2110592,서울금융고등학교,11470580
2110681,온수역 1번,11530790
2110688,오류지구대,11530770
2110610,계남근린공원,11470640
2110635,공항시장역 3번,11500620
2110634,송정역 3번,11500620
2110638,신방화역 2번,11500630
2110630,공항시장역 1번,11500640
2110608,신월2동주민센터,11470570
2110627,신정롯데캐슬아파트,11470630
2110895,샤로수길,11620585
2110794,영동초등학교,11560560
2110651,화원중학교,11500540
2110551,성서초등학교,11440720
2110547,KB국민은행 망원동지점,11440700
2110800,영등포동성당,11560535
2110807,신길역 3번,11560535
2110283,성북초등학교앞,11290525
2110792,영등포역 2번,11560585
2110785,영등포푸르지오아파트,11560585
2110458,선일여고,11380552
2110675,화곡4동주민센터,11500570
2110694,세곡초등학교,11530730
2110696,오류동역 1번,11530750
2110544,망리단길,11440690
2110715,구로구민회관,11530560
2110718,한국SGI본부,11530560
2110733,금천어울림복지센터,11545670
2110727,독산역 1번 출입구,11545610
2110731,금천구청역 1번 출입구,11545670
2110735,말미고개,11545620
2110819,신대방역 4번,11590670
2110495,북가좌2동주민센터,11410720
2110496,모래내우체국,11410720
2110549,새터산,11440730
2110552,성미산체육관,11440720
2110837,숭실대입구역 1번,11590530
2110836,상도역 5번,11590530
2110513,연희파출소,11410615
2110892,관악구 중앙길,11620615
2110896,관악우성아파트,11620575
2110897,서울대입구역 8번,11620575
2110485,연신내우체국,11380530
2110916,내방역 4번,11650600
2110464,연신내역 5번,11380552
2110455,역촌노인복지관,11380625
2110456,구산보건지소,11380560
2110137,성수초등학교,11200690
2110717,남구로역 2번,11530595
2110622,달마을공원,11470520
2110711,구로초등학교,11530530
2110802,신길동홍어거리,11560660
2110710,남구로역 3번,11530530
2110712,남구로역 5번,11530550
2110728,두산초등학교,11545610
2110671,등촌1동주민센터,11500520
2110676,등촌역 7번,11500530
2110463,응암3동주민센터,11380600
2110752,한울중학교,11545700
2110766,대림역 5번,11560720
2110744,독산동성당,11545640
2110444,수색성당,11380640
2110736,독산119안전센터,11545640
2110737,금천세무서,11545630
2110738,문성초등학교,11545630
2110024,혜회동주민센터,11110650
2110776,도신초등학교,11560720
2110767,도림동주민센터,11560585
2110546,양화대교북단,11440680
2110550,합정역 8번,11440680
2110803,신길2동우편취급국,11560515
2110260,면목역 3번,11260565
2110787,신길3동주민센터,11560650
2110804,신풍역 1번,11560680
2110812,신길6동주민센터,11560680
2110781,대림한신아파트,11560700
2110210,서울시립대,11230560
2110789,대림성모병원,11560700
2110855,신대방역 2번,11620725
2110270,혜원여고,11260660
2110014,경복고등학교,11110515
2110778,구로디지털단지역 4번,11560710
2110864,신림우방아파트,11620685
2110468,응암역 3번,11380625
2110459,응암역 2번,11380625
2110448,상신초등학교입구,11380632
2110450,시립서북병원,11380560
2110453,신사1동주민센터,11380631
2110891,구암초등학교,11620565
2110506,연희임광아파트,11410615
2110452,새절역 3번,11380632
2110128,성원중학교,11200650
2110512,연희지하차도,11410615
2110519,서대문구보건소별관,11410620
2110535,영천시장입구,11410520
2110538,충정로역 3번,11410565
2110012,성곡미술관,11110530
2110016,평창동동측,11110560
2110005,세검정,11110550
2110451,증산역 4번,11380640
2110130,답십리역 6번,11200790
2110261,사가정역 4번,11260570
2110309,대광초등학교,11290600
2110018,중앙고등학교,11110600
2110266,면목동우체국,11260575
2110021,성균관대학교,11110650
2110242,면목5동주민센터,11260550
2110302,보문역 8번,11290610
2110471,응암동우체국,11380600
2110449,증산역 3번,11380640
2110498,증산역 1번,11410720
2110815,공군호텔,11560630
2110820,성남고등학교,11590660
2110817,대방역 4번,11560630
2110824,대방역 3번,11590660
2110558,경성고등학교,11440720
2110509,연희대우아파트앞,11410585
2110469,응암정보도서관,11380600
2110503,명지대학교교회,11410700
2110484,역촌역 3번,11380510
2110490,녹번동근린공원,11380510
2110473,구산역 1번,11380570
2110472,연신내역 4번,11380570
2110584,아현역 4번,11440555
2110571,신수동주민센터,11440630
2110480,연신내역 3번,11380530
2110572,서강대역 1번,11440630
2110829,장승배기역 5번,11590520
2110847,예술인마을,11590620
2110885,영락고등학교,11620665
2110832,노량진초등학교,11590510
2110830,상도초등학교,11590560
2110827,NH농협은행 상도동지점,11590560
2110877,신림역 8번,11620695
2110589,애오개역 3번,11440565
2110590,만리재,11440565
2110873,당곡중학교,11620525
2110879,신림현대아파트,11620745
2110013,체부동홍종문가옥,11110530
2110821,보라매역 2번,11590680
2110886,관악해태어린이공원,11620665
2110813,보라매역 6번,11560690
2110810,영신초등학교,11560630
2110528,서울여자간호대학교,11410640
2110001,이북5도청사,11110560
2110587,공덕동주민센터,11440565
2110068,남영역 1번,11170560
2110586,서울서부지방법원,11440565
2110588,한겨레신문사,11440565
2110840,중앙대학교,11590605
2110060,효창공원앞역 6번,11170590
2110533,충정로역 7번,11410555
2110069,숙대입구,11170555
2110846,남성역 1번,11590650
2110848,양지어린이공원,11590620
2110338,인수초등학교,11305660
2110902,사당역 4번,11620630
2110850,사당역 10번,11590620
2110064,효창공원앞역 2번,11170580
2110237,메가박스 상봉,11260520
2110273,장스여성병원,11260680
2110334,석관중앙교회,11290810
2110445,덕산중학교,11380631
2110265,망우역 1번,11260580
2110486,은평구청,11380510
2110333,돌곶이역 5번,11290810
2110027,혜화역 1번,11110640
2110313,안암역 3번,11290600
2110017,정독도서관,11110600
2110443,수색역 1번,11380650
2110203,떡전교사거리,11230705
2110252,장안제일시장,11260550
2110521,홍제역 4번,11410620
2110142,화양사거리,11215710
2110215,회기역 1번,11230720
2110006,부암동주민센터,11110550
2110457,예일여고,11380560
2110274,서일대학교,11260575
2110197,세종대왕기념관교차로,11230705
2110222,회기역 2번,11230720
2110213,청량초등학교,11230740
2110286,한성대입구역 5번,11290525
2110841,중대부중,11590605
2110063,효창공원앞역 5번,11170590
2110061,효창동주민센터,11170580
2110269,용마문화복지센터,11260575
2110067,배문고등학교,11170555
2110066,서울역 15번,11170555
2110532,아현역 2번,11410555
2110922,내방역 1번,11650600
2110904,이수역 5번,11650610
2110907,방배초등학교,11650621
2110084,경리단길북측,11170660
2110085,경리단길남측,11170660
2110253,중곡초등학교,11260540
2110031,창신역 1번,11110690
2110081,해방촌 남동측,11170520
2110080,해방촌예술마을,11170510
2110079,후암동주민센터,11170510
2110074,서울역 12번,11170530
2110077,삼광초등학교,11170510
2110849,이수역 10번,11590640
2110292,정릉역 2번,11290630
2110289,북한산보국문역 2번,11290640
2110123,마장역 3번,11200540
2110355,삼양사거리역 2번,11305534
2110284,정릉북한산국립공원입구,11290650
2110339,국립4.19민주묘지,11305645
2110022,경신고등학교,11110650
2110285,홍대부중,11290525
2110135,성동세무서,11200720
2110042,남산골공원옆,11140570
2111047,마천1치안센터,11710540
2110196,홍릉근린공원,11230705
2110527,홍제역 2번,11410640
2110277,러스크서울병원,11260655
2110314,종암경찰서,11290705
2110522,홍제역 3번,11410620
2110263,면목역 1번,11260565
2110516,정원여중,11410685
2110199,홍릉시장,11230545
2110228,장안근린공원,11230660
2110632,방화역 3번,11500630
2110493,북가좌초등학교,11410710
2110201,전농119안전센터,11230560
2110487,불광역 8번,11380520
2110510,홍연시장,11410615
2110035,동묘앞역 2번,11110710
2110282,국민대학교앞,11290640
2110428,상계5동주민센터,11350670
2110399,창2동주민센터,11320512
2110411,도봉역 3번,11320522
2110441,영신여고,11350619
2110255,상봉역 4번,11260590
2110276,신내IC북측,11260680
2110387,쌍문초등학교,11320660
2110384,문이교,11320660
2110247,먹골역 1번,11260620
2110422,노원역 9번,11350720
2110326,장위동성당,11290760
2110324,월곡역 4번,11290725
2110157,자양동우체국,11215830
2110352,수유1동주민센터,11305610
2110363,송천동주민센터,11305555
2110370,도봉세무서,11305555
2110002,독립문역 1번,11110570
2110227,답십리공원,11230610
2110642,정곡초등학교,11500641
2110502,남가좌파출소,11410700
2110028,이화달팽이길,11110640
2110507,명지대학교,11410685
2110033,창신역 4번,11110700
2110254,오거리공원,11260570
2110311,종암아이파크2차후문,11290705
2110232,동대부고,11230660
2110019,창덕궁,11110615
2110257,상봉역 7번,11260580
2110377,미아사거리역 3번,11305545
2110214,경희대후문,11230740
2110306,미아초등학교,11290660
2110318,KT월곡지사,11290715
2110531,홍지문,11110550
2110470,신진과학기술고등학교,11380580
2110037,신설동역 12번,11110710
2110192,동의보감타워,11230536
2110640,방화역 1번,11500641
2110319,종암동주민센터,11290705
2110354,삼각산119안전센터,11305575
2110020,서울국제고등학교,11110650
2110321,동덕여대,11290715
2110447,구산초등학교,11380560
2110996,대치2동주민센터,11680610
2110299,정릉역 1번,11290620
2110489,불광역 3번,11380510
2110251,장안중학교,11260600
2110478,응암1동주민센터,11380580
2110308,길음역 8번,11290685
2110278,망우본동주민센터,11260655
2110335,석계역 7번,11290810
2110336,석관고등학교,11290810
2110440,상계3동4동주민센터,11350665
2110112,행당역 2번,11200560
2110466,구산역 2번,11380625
2110250,화랑대역 7번,11260620
2110432,대진고등학교,11350611
2110442,화랑대철도공원,11350600
2110414,장석교회,11350560
2110010,평창동서측,11110560
2110272,신내1동주민센터,11260680
2110316,숭곡초등학교,11290715
2110382,솔밭공원역 1번,11320660
2110003,세검정초등학교,11110550
2110477,은평세무서,11380510
2110221,의릉,11290810
2110310,길음역 10번,11290715
2110417,월계역 3번,11350570
2110462,갈현건영아파트,11380551
2110953,학동근린공원,11680521
2110429,공릉동 국수거리,11350595
2110983,국립국악고등학교,11680690
2110491,불광중학교,11380530
2110420,광운대역 1번,11350560
2110190,고대앞사거리,11230545
2110301,성신여대입구역 7번,11290575
2110329,우리은행체육관,11290770
2110454,선정중학교,11380552
2110105,금동어린이공원,11200615
2110984,포이초등학교(개포목련어린이공원),11680690
2110899,낙성대역 5번(관악중학교),11620575
2110901,인헌고등학교(인헌중학교),11620625
2110943,법제교육센터(버들어린이공원),11650652
2110937,방아다리근린공원(횃불트리니티신학대학원대학교),11650651
2110876,서원동주민센터(신관중학교),11620645
2110920,방배역 2번(백석예술대학교),11650620
2110913,방현초등학교(방배119안전센터),11650620
2110732,가산초등학교(세일중학교),11545610
2110893,관악소방서(문영여고),11620595
2110900,낙성대역 1번(관악구민 종합체육센터),11620625
2110328,상월곡역 3번,11290725
2110371,삼양입구사거리,11305555
2110481,불광역 7번,11380570
2110368,송천초등학교,11305555
2110424,상계초등학교,11350640
2110374,송중초등학교,11305545
2110479,연신내역 2번,11380530
2110364,미아역 8번,11305535
2110467,은평요양병원,11380551
2110482,연신초등학교,11380530
2110194,홍파초등학교,11230545
2110433,공릉역 2번,11350595
2110369,성신여대운정그린캠퍼스,11305535
2110474,세명컴퓨터고등학교,11380530
2110359,수유시장옆,11305630
2110409,창동역 2번,11320515
2110346,4.19민주묘지역 2번,11305645
2110385,효문고등학교,11320660
2110345,솔밭공원역 2번,11305645
2110341,북한산우이역 2번,11305645
2110349,화계역 2번,11305610
2110344,화계중학교,11305610
2110357,가오리역 1번,11305620
2110426,상계2동주민센터,11350640
2110404,신창초등학교,11320513
2110348,강북문화예술회관,11305660
2110492,하나고등학교,11380690
2110525,홍은종합사회복지관,11410660
2110366,광산사거리,11305630
2110408,가인초등학교,11320515
2110430,중계초등학교,11350624
2110419,수락산디자인거리,11350630
2110410,방학역 2번,11320690
2110406,도봉산역 1번,11320521
2110415,수락산역 4번,11350630
2110403,방학1동주민센터,11320690
2110413,누원고등학교,11320522
2110392,발바닥공원,11320681
2110425,계상초등학교,11350670
2110431,상계역,11350624
2110233,중랑역 1번,11260610
2110220,외대앞역 1번,11230740
2110378,송중동주민센터,11305545
2110568,광흥창역 1번,11440655
2110574,서강대학교,11440600
2110138,송정체육공원,11200720
2110865,남강고등학교(남강중학교),11620775
2110942,염곡동 구룡사(포이동성당),11650652
2111001,아래방죽마을공원(율현초등학교),11680700
2110940,양재근린공원(양재2동주민센터),11650652
2110862,난곡초등학교(난곡동벽화마을),11620775
2110898,청림동주민센터(상도중학교),11620545
2111042,거여역 1번(거여공원),11710531
2110407,도봉역 2번,11320521
2110163,성자초등학교,11215830
2110416,노원초등학교,11350630
2110418,광운대학교 남단,11350560
2110124,뚝섬역교차로,11200660
2110230,장안현대홈타운1차아파트,11230660
2110241,먹골역 5번,11260630
2110239,중랑역 2번,11260610
2110322,장위1동주민센터,11290760
2110327,상월곡역 2번,11290770
2111031,장지동주민센터(한림연예예술고교),11710646
2111050,강동구청(강동구청역 2번),11740640
2110062,한강로동땡땡거리(은행나무길),11170625
2110562,연트럴파크(연남동주민센터),11440710
2110007,사직공원(한국사회과학도서관),11110530
2111024,경찰병원역 4번(건너말공원),11710620
2110008,배화여자대학교(박노수미술관),11110515
2110202,전농1동주민센터(전농시장),11230560
2110421,석계역 1번,11350560
2110680,온수역 5번(온수산업단지),11530790
2110875,보라매동주민센터(당곡고등학교),11620525
2110884,봉천역 4번(봉천110안전센터),11620605
2110707,구로창업지원센터,11530510
2110108,성동구립금호도서관,11200590
2110281,길상사,11290525
2110515,홍은중학교,11410685
2110280,북정마을,11290525
2110529,홍제3동주민센터,11410640
2110317,종암중학교,11290705
2110009,자하문터널,11110550
2110883,은천초등학교(은천교앞),11620525
2111057,천호공원(해공체육문화센터),11740610
2110769,대림차이나타운(대림역 12번),11560710
2110851,경문고등학교(동작동성당),11590630
2110860,호림박물관(성보고등학교),11620765
2110867,국제신학대학원대학교(남서울중학교),11620655
2110905,방배노인종합복지관(이수중학교),11650610
2111028,문현중학교(장지역 1번),11710646
2110894,관악동부센트레빌아파트(은천로35라길),11620565
2110113,응봉산,11200580
2110583,공덕래미안3차아파트,11440555
2110679,염창역 2번,11500510
2111075,굽은다리역 2번,11740600
2110178,장로회신학대학교,11215810
2111086,한영중고,11740540
2110172,광진초등학교,11215860
2110578,대흥역 2번,11440610
2110405,방학역 1번,11320690
2110939,양재역 8번(양재동우체국),11650651
2110924,반포4동주민센터(몽마르뜨공원),11650581
2111022,석촌중학교(방이육교),11710620
2110822,신대방삼거리역 4번(대림초등학교),11590660
2110801,신풍역 6번(신길6동공영주차장),11560680
2111035,오금공원(오주중학교),11710570
2111046,마천역(마천초등학교),11710540
2110117,성동구보건소,11200540
2110046,버티고개,11140625
2111074,명일역 1번,11740570
2110930,서초동성당,11650510
2110934,우면주공아파트,11650651
2110929,남부터미널역 1번,11650510
2110928,서초우방유쉘아파트,11650530
2110927,잠원역,11650540
2110048,장충동주민센터,11140580
2111052,암사역 3번(천호동자전거거리),11740610
2111089,상일여고(상일초등학교),11740520
2110743,시흥초등학교(시흥1동우체국),11545670
2110396,쌍문역1번(쌍리단길),11320511
2110291,한성대입구역 3번,11290555
2110029,동대문역 1번,11110680
2110293,삼선중학교,11290555
2110296,성신여대입구역 4번,11290575
2110295,정릉우체국,11290630
2110188,용두동신동아아파트,11230536
2110191,고려대역 6번,11230545
2110187,제기동역 6번,11230536
2110390,방학초등학교,11320700
2110391,샘말어린이공원,11320700
2110400,도봉구보건소,11320670
2110380,강북문화정보도서관,11305600
2110290,북한산보국문역 1번,11290650
2110746,금천금빛공원(은행나무사거리서측),11545670
2111018,풍납초등학교(풍납백제문화공원),11710510
2111054,암사역 4번(삼성광나루아파트),11740580
2111000,대왕초등학교(세곡동사거리서남측),11680700
2110978,도곡2동주민센터(대치중학교),11680656
2111073,둔촌동역 1번(한산중학교),11740700
2111079,둔촌고등학교(둔촌중학교),11740700
2111053,성내천어린이공원(하니사랑길),11740640
2111062,둔촌동역 3번(성내3동주민센터),11740660
2111049,천호지구대(천호동자전거거리),11740610
2111048,천호역 1번(천호문구완구거리),11740610
2111059,강동역 4번(강풀만화거리),11740650
2111077,길동주민센터(강동도서관),11740685
2110294,서경대학교,11290650
2110351,수유북부시장옆,11305660
2110350,가오리역 2번,11305660
2110375,서울북부고용노동지청,11305600
2110367,강북구청,11305630
2110365,미아역 5번,11305535
2110360,수유초등학교,11305610
2110307,길음역 7번,11290660
2110361,삼양사거리역 1번,11305555
2110300,삼선동주민센터,11290600
2110303,성신여대입구역 1번,11290575
2110304,보문역 4번,11290600
2110297,경동고등학교,11290555
2110181,신설동역 9번,11230536
2110182,용두희망어린이공원,11230536
2110056,신당역 3번,11140650
2110402,도봉구 정병원,11320690
2110325,장곡초등학교,11290760
2110315,종암아이파크2차,11290705
2110372,강북중학교,11305630
2110376,수송초등학교,11305590
2110323,상월곡역 1번,11290725
2110971,선정릉역 4번,11680640
2110394,방학중학교,11320700
2110356,덕수교,11305620
2110397,도봉산입구,11320521
2110362,우이천 계성교,11305620
2110358,인수동 우편취급국,11305630
2110353,수유동우체국,11305620
2110980,개포지구대옆,11680690
2110955,논현초등학교,11680521
2110958,역삼역 4번,11680640
2110957,언북중학교,11680531
2110116,청계천박물관,11200540
2110869,"신림역 5번(신림동주민센터, 신림동별빛거리)",11620695
2110235,세화어린이공원,11260610
2111034,오동나무공원(송파레미니스1단지),11710570
2111013,송파나루역 1번(송리단길),11710580
2110909,남태령역(서울전자고등학교),11650610
2110759,문래예술촌(문래창작촌),11560605
2111060,암사역 2번(서울강동초등학교),11740610
2111087,고덕중학교(고덕2동주민센터),11740560
2111066,암사동성당(효정하나플러스아파트),11740570
2110945,본마을노인복지센터(서초구립내곡도서관),11650660
2110931,삼성전자서울R&D(서울우면초등학교),11650651
2111085,묘곡초등학교(고덕아이파크아파트),11740550
2110726,금천철쭉어린이공원(금하마을),11545610
2111072,굽은다리역 1번(십자성마을),11740600
2110754,삼성산자연공원(서울금천초등학교),11545710
2110750,시흥4동주민센터(서울신흥초등학교),11545700
2110936,더케이호텔(양재리본타워2단지아파트),11650652
2110742,KT금천빌딩(금천구시설관리공단),11545670
2110947,청계산입구역 2번(내곡동주민센터),11650660
2110749,금산초등학교(금천고등학교),11545690
2110730,서울축산농협 독산역지점(독산파출소),11545610
2110998,은곡마을(은곡마을공원),11680700
2110881,구립대학경로당(관악산샘말공원),11620735
2110874,원신초등학교(구세군관악영문교회),11620745
2110887,서울산업정보학교(서울삼성초등학교),11620735
2110944,서울나래학교(염곡어린이공원),11650660
2110870,신림주공2단지(광신고등학교),11620745
2120234,가락시장역,11710620
2120175,남부터미널역,11650510
2120137,문래역(문래로데오거리),11560605
2120035,퇴계로5가,11140590
2120073,미아사거리,11290715
2120010,원남동사거리,11110615
2120013,이화사거리,11110640
2120196,서울세관,11680531
2120203,강남구청역,11680531
2120143,당산역,11560560
2120127,구로구청,11530560
2120150,63빌딩,11560540
2120008,인사동,11110615
2120021,시청역_8번,11140520
2120006,종각역,11110615
2120118,마곡역(마곡),11500603
2120100,망원역,11440660
2120111,목동사거리,11500570
2120075,월곡역,11290725
2120198,구역삼세무서,11680640
2120045,남영동 먹자골목,11170530
2120147,보라매역,11590660
2120061,올림픽대교북단,11215870
2120056,구의역,11215850
2120029,을지로2가,11140550
2120048,금호역,11200620
2120174,논현역 5번,11650540
2120071,성북구청,11290555
2120162,방배동카페골목,11650590
2120057,아차산역,11215780
2120146,한강성심병원,11560535
2120095,홍제역,11410620
2120176,논현역 4번,11650560
2120154,장승배기역,11590540
2120179,양재역,11650520
2120113,오목교역,11470510
2120089,구파발역,11380690
2120058,구의사거리,11215850
2120019,경찰청앞교차로,11140520
2120139,대림3동사거리,11560720
2120082,상계백병원,11350695
2120248,명일역,11740530
2120134,구로전화국,11545630
2120241,거여역,11710532
2120023,서울시청,11140550
2120067,장안동사거리,11230660
2120044,삼각지역,11170625
2120168,서울고교교차로,11650530
2120235,문정역,11710642
2120124,개봉동 현대아파트,11530760
2120189,강남역,11650520
2120080,마들역,11350710
2120144,영중로,11560535
2120206,개나리아파트,11680650
2120009,종로3가역,11110615
2120215,포스코사거리,11680590
2120207,선정릉역,11680590
2120178,신사역,11650540
2120017,동묘앞역(동묘),11110670
2120042,"숙대입구역(남영역, 남영동)",11170530
2120074,안암역,11290600
2120180,양재화물트럭터미널앞,11650652
2120164,내방역,11650621
2120199,경복아파트교차로,11680640
2120170,삼호가든사거리,11650581
2120088,구산역,11380552
2120218,코엑스,11680580
2120018,중림동,11140680
2120079,창동역,11320514
2120129,구로디지털단지,11530540
2120052,성수역,11200690
2120171,서초3동사거리,11650530
2120047,한남오거리,11170685
2120136,영등포구청역,11560550
2120055,군자역,11215730
2120205,매봉역,11680656
2120185,논현역,11680521
2120246,길동역,11740685
2120142,대림역,11560720
2120081,노원역,11350640
2120016,동대문역,11110670
2120070,한성대입구역,11290555
2120004,종로구청,11110615
2120086,태릉입구역,11350595
2120117,강서농산물도매시장,11500611
2120077,미아역,11305535
2120097,충정로역,11410565
2120231,가락시장,11710631
2120068,사가정역,11260575
2120001,서대문역,11110580
2120085,은행사거리,11350619
2120135,양평역,11560610
2120141,영등포청과시장교차로,11560550
2120224,수서역,11680750
2120169,서초역,11650530
2120011,종로4가,11110615
2120092,불광역,11380570
2120211,도성초등학교,11680630
2120214,영동대교남단교차로,11680565
2120015,종로6가,11110630
2120249,고덕역,11740540
2120083,등나무근린공원,11350625
2120116,송정역,11500620
2120020,시청역_1번,11140520
2120050,서울숲역,11200650
2120024,회현역,11140540
2120239,오금역,11710620
2120177,신논현역 1번,11650560
2120026,을지로입구역,11140550
2120087,응암역,11380631
2120140,문래동주민센터,11560605
2120210,선릉역,11680590
2120037,동대문역사문화공원역,11140590
2120039,신당역,11140615
2120195,성수대교남단,11680545
2120222,삼성역,11680610
2120243,천호역,11740610
2120229,방이동먹자골목,11710562
2120145,영등포역(영등포),11560535
2120238,방이역,11710561
2120028,명동(명동거리),11140550
2120130,구로디지털단지역,11530540
2120221,봉은사역,11680580
2120193,도산공원교차로,11680545
2120106,마포역,11440590
2120054,어린이대공원역,11215710
2120187,신논현역,11680521
2120151,보라매공원,11590680
2120043,서울역,11140540
2120123,오류동역,11530770
2120036,장충동족발거리(남소영길),11140580
2120032,충무로역,11140570
2120244,암사역,11740580
2120128,신도림역,11530560
2120063,청량리역(청량리),11230560
2120012,대학로(혜화역),11110650
2120007,북촌(안국역),11110600
2120022,북창동(시청역_6번),11140520
2120103,홍대입구역(홍대),11440660
2120138,당산2동(영등포우체국),11560560
2120202,압구정로데오역(압구정로데오),11680545
2120186,가로수길,11680510
2120109,서울남부지방법원,11470620
2120197,역삼역,11680640
2120133,서울시흥동우체국(홈플러스시흥점),11545670
2120152,신대방삼거리역,11590660
2120062,신설동역,11230536
2120003,광화문역,11110530
2120040,용산전자상가(용산역),11170570
2120217,대치사거리,11680630
2120155,총신대학교,11590651
2120120,화곡역,11500540
2120066,장한평역(장한평),11230650
2120112,등촌역,11470530
2120236,장지역(가든파이브),11710642
2120041,신용산역(용산역),11170625
2120030,중부경찰서(영화인의거리),11140550
2120107,공덕역(공덕오거리),11440565
2120076,수유역,11305630
2120072,성신여대,11290575
2120183,양재천카페거리,11650651
2120212,한티역,11680630
2120192,뱅뱅사거리,11680640
2120069,상봉역,11260590
2120046,이태원(이태원역),11170650
2120153,노량진역(노량진),11590510
2120034,중구청(퇴계로4가),11140590
2120053,건대입구역(건대),11215710
2120049,왕십리역(왕십리),11200560
2120165,서래마을카페거리(서래마을),11650581
2120163,사당역 11번(사당역먹자골목),11650610
2120114,목동신시가지,11470550
2120065,회기역,11230720
2120166,방배역,11650600
2120247,굽은다리역,11740600
2120245,둔촌역,11740660
2120121,까치산역,11500540
2120219,은마아파트,11680630
2120098,DMC(디지털미디어시티),11440740
2120102,서교동(홍대),11440660
2120160,사당역(사당),11650610
2120149,여의도역(여의도),11560540
2120184,포이사거리(삼호물산),11650652
2120002,서촌(경복궁역),11110530
2120228,석촌역(석촌호수),11710580
2120125,구로역,11530530
2120204,르네상스호텔사거리,11680640
2120091,본서부병원,11380580
2120122,강서구청,11500591
2120200,학동사거리,11680545
2120172,교대입구교차로,11650530
2120158,녹두거리(대학동),11620735
2120225,잠실새내역(신천),11710650
2120148,국회의사당역(국회의사당),11560540
2120099,월드컵경기장역(월드컵경기장),11440730
2120190,강남을지병원,11680545
2120132,독산동,11545610
2120188,압구정역,11680510
2120242,강동구청역,11740640
2120213,삼성중앙역,11680590
2120093,연희동,11410615
2120108,신정네거리역,11470650
2120110,목동역 8번출구,11470650
2120090,연신내역,11380530
2120059,구삼강변맛길,11215870
2120233,몽촌토성역,11710562
2120159,서울대입구역,11620595
2120237,경찰병원역,11710620
2120105,상수역(홍대),11440655
2120208,청담사거리(청담동명품거리),11680565
2120104,연남동(홍대),11440660
2120173,교대역(법원.검찰청),11650510
2120230,송파사거리(송파역),11710600
2120181,교육개발원입구사거리,11650651
2120033,을지로4가역,11140605
2120101,합정역,11440680
2120201,도곡1동,11680640
2120096,"이화여대(이대역, 이대)",11410585
2120156,"총신대입구역(이수, 총신대)",11590630
2120194,언주역(차병원),11680531
2120161,방배동가구거리(사당동가구거리),11650590
2120119,발산역(마곡),11500603
2120157,신림역(신림),11620695
2120167,고속터미널(고속터미널역),11650581
2120220,대치역,11680600
2120232,송파나루역,11710562
2120182,"양재시민의숲역(양재동꽃시장, aT센터)",11650652
2120094,"신촌역(신촌역, 신촌로터리)",11410585
2120209,"강남구청(청담역_8번, 강남세무서)",11680565
2120025,롯데백화점(시청광장 지하쇼핑센터),11140520
2120060,강변역(테크노마트),11215870
2120064,경희대학교(경희대),11230710
2120051,뚝섬역,11200660
2120078,미아사거리역,11305545
2120223,휘문고교사거리,11680610
2120084,공릉역,11350595
2120191,학동역,11680521
2120005,삼청동,11110540
2120014,종로5가역,11110630
2120027,명동역(명동재미로),11140550
2120115,김포공항역(김포공항),11500640
2120240,개롱역,11710632
2120126,디지털단지오거리,11530595
2120131,가산디지털단지,11545510
2120226,석촌고분역,11710610
2120031,을지로3가역,11140605
2120038,약수역,11140625
2120216,경기고교사거리(경기고교앞사거리),11680565
2120227,잠실역,11710710
2130116,동성타워프라자,11260680
2130254,남서울상가,11560535
2130316,마천시장,11710550
2130131,동북프라자,11305534
2130147,쌍문역동측상점가,11320511
2130126,새석관시장,11290810
2130173,백련시장,11410700
2130125,장위전통시장,11290770
2130082,면곡골목시장,11215760
2130231,독산동 우시장,11545610
2130095,청량리전통시장,11230545
2130161,증산종합시장,11380640
2130096,동부시장,11230600
2130258,영진시장A동,11560680
2130077,조양시장,11215847
2130026,소공지하도상가,11140520
2130249,동남상가,11560535
2130185,망원월드컵시장,11440700
2130091,청량종합도매시장,11230545
2130213,방신전통시장,11500630
2130124,번동시장,11290780
2130079,한아름시장,11215710
2130263,신노량진시장(기능상실),11590520
2130320,암사종합시장,11740570
2130321,장신구 특화거리 상점가,11740640
2130136,수유재래시장,11305610
2130199,신월3동 골목시장,11470580
2130178,이대 앞 스타트업 상점가,11410585
2130241,선유도역 골목형상점가,11560620
2130266,만양로상점가,11590510
2130073,뚝도시장,11200670
2130193,신수시장,11440630
2130060,신흥시장,11170520
2130018,동대문문구완구거리(동대문문구완구시장),11110670
2130197,마포시장,11440555
2130002,세종마을음식문화거리(금천교시장),11110530
2130030,을지로지하보도쇼핑센터(을지입구지하상가),11140550
2130189,서교시장,11440660
2130006,종로4가지하쇼핑센터,11110615
2130089,청량리수산시장,11230536
2130308,청담삼익시장,11680565
2130181,아현가구거리상점가,11410555
2130138,수유프라자,11305610
2130319,성내전통시장,11740650
2130220,등마루시장,11500520
2130324,길동복조리시장,11740685
2130117,정릉시장,11290640
2130108,태능엔터피아(태릉시장),11260610
2130043,제일평화시장,11140610
2130016,동대문상가B동,11110670
2130217,화곡본동시장,11500590
2130265,노량진중앙시장,11590510
2130299,엔터식스 강남점,11650581
2130005,세운상가가동,11110615
2130088,경동시장,11230545
2130149,창동신창시장,11320512
2130059,후암시장,11170510
2130112,사가정시장,11260575
2130145,쌍문역둘리상점가,11320680
2130021,신설종합시장,11110710
2130098,회기시장,11230710
2130157,상계중앙시장,11350640
2130166,응암시장(신응암시장),11380590
2130311,새마을시장,11710650
2130183,상암동상점가,11440740
2130048,동평화시장,11140615
2130164,역촌중앙시장,11380552
2130297,강남터미널지하도상점가1구역,11650580
2130190,홍대소상공인상점가,11440660
2130191,홍대 걷고싶은 거리,11440660
2130154,상계주공1단지(가)상가,11350695
2130309,은마종합상점가,11680610
2130228,구로시장,11530550
2130203,서서울 골목형상점가,11470560
2130025,삼익패션타운(남대문시장),11140540
2130240,영등포유통상가,11560550
2130167,연신내상점가(연빛거리),11380551
2130180,포방터시장,11410660
2130222,오류시장,11530770
2130211,신정2동 골목시장(오목교중앙시장),11470630
2130033,대림상가(청계상가),11140605
2130140,숭인시장,11305555
2130141,강북북부골목시장,11305590
2130260,신대방1동골목상권,11590670
2130174,연희사러가,11410615
2130065,무학봉상점가,11200520
2130187,영진시장,11440660
2130218,신월중앙시장,11500535
2130255,영등포전통시장,11560535
2130275,강남골목시장,11620725
2130196,공덕시장,11440555
2130113,신아타운,11260690
2130296,남부종합시장,11650590
2130009,마전교지하쇼핑센터(구 한일상가),11110630
2130153,창동역상점가,11320514
2130001,통인시장,11110515
2130031,청계천공구상가,11140605
2130019,동대문상가D동,11110670
2130144,백운시장,11320660
2130283,신원시장,11620655
2130184,마포농수산물시장,11440730
2130194,용강동 상점가,11440590
2130195,도화동 상점가,11440585
2130245,영일시장,11560605
2130168,연서시장,11380530
2130202,신영시장,11470560
2130186,망원시장,11440690
2130310,강남개포시장,11680670
2130278,미성동 도깨비시장 골목형상점가,11620765
2130076,능동로골목시장,11215840
2130244,대림중앙시장,11560710
2130011,충신시장,11110630
2130225,개봉중앙시장,11530750
2130066,행당시장상점가,11200560
2130152,오!도봉거리 상점가,11320522
2130313,방이시장,11710562
2130294,관악중부시장,11620575
2130003,종각지하쇼핑센터,11110615
2130039,청계6가 지하도상가,11140590
2130230,가리봉시장,11530595
2130233,남문시장,11545630
2130171,불광먹자골목 골목형상점가,11380520
2130305,논현종합시장,11680531
2130051,동화동 골목형상점가,11140665
2130063,신금호역 골목형상점가,11200615
2130054,황학동주방가구거리상점가,11140670
2130049,신당 미래유산 먹거리 골목형상점가,11140615
2130020,동묘시장(동묘벼룩시장),11110710
2130277,조원동 펭귄시장(신림중앙시장),11620725
2130207,신정1동 골목시장(신정제일시장),11470620
2130232,독산동 맛나는거리상점가(독산동 맛나는거리),11545640
2130133,우이골목시장(우이시장),11305620
2130253,영신상가(제일상가),11560535
2130146,쌍문시장(쌍문역골목시장),11320680
2130107,중랑동부시장(중랑교종합상가),11260590
2130132,삼양골목시장(삼양시장),11305534
2130261,성대전통시장(성대시장),11590550
2130027,명동지하쇼핑센터(소공동지하쇼핑센터),11140550
2130287,삼성동 시장(삼성동시장),11620745
2130080,자양종합시장(기능상실),11215830
2130105,장미제일시장(중화동제일시장),11260610
2130075,노룬산시장(노룬산골목시장),11215847
2130044,에리어식스(벨포스트),11140610
2130071,성수역 골목형상점가,11200690
2130118,정릉골 골목형상점가,11290650
2130123,꿈의숲 장곡 골목형상점가,11290760
2130242,대림중앙 골목형상점가,11560710
2130264,상도약수골목형상점가,11590560
2130290,영림시장,11620595
2130282,난곡 골목형상점가,11620775
2130326,고덕 골목형상점가,11740560
2130111,"동원전통종합시장(동원시장, 동원전통시장 상점가)",11260565
2130012,"동대문종합시장(동대문종합시장 신관, 동대문종합시장D동상가)",11110630
2130302,강남시장(강남구 강남시장),11680510
2130246,영등포청과시장(조광시장),11560550
2130028,을지입구지하상가(을지로지하보도쇼핑센터),11140550
2130155,시영B상가(중계 그린아파트 B 상가),11350625
2130047,테크노상가(엘리시움),11140615
2130037,청계5가쇼핑센터(청계5가지하쇼핑센터),11140605
2130267,본동인정시장(기능상실),11590510
2130274,사당1동먹자골목상점가(사당1동먹자골목),11590620
2130084,신성시장(신성골목시장),11215770
2130128,돌곶이시장(석관황금시장),11290810
2130087,경동광성상가(경동시장),11230545
2130276,신림중앙시장(조원동 펭귄시장),11620725
2130035,방산종합시장(방산시장),11140605
2130041,신평화패션타운(청계6가 지하도상가),11140610
2130120,돈암시장(돈암제일시장),11290555
2130273,남성사계시장(남성시장),11590630
2130135,수유중앙골목시장(수유중앙시장),11305630
2130236,비단길현대시장(현대시장),11545670
2130315,문정동 로데오거리 상점가(문정동 로데오거리),11710641
2130177,인왕시장(홍제골목형상점가),11410640
2130007,광장시장(광장전통시장),11110615
2130208,목동깨비시장(목3동시장),11470530
2130069,"한양대앞상점가(한양시장, 왕십리맛골목)",11200550
2130165,"대림골목시장(대림시장, 양지시장)",11380600
2130137,"수유전통시장(수유시장, 수유골목시장)",11305610
2130200,"신월7동 골목시장(약수시장, 우성상가)",11470611
2130055,"황학시장(서울중앙시장, 신중앙시장)",11140670
2130038,"평화시장(통일상가, 동화상가)",11140590
2130221,"남부골목시장(남부화곡시장, 남부시장)",11500570
2130083,"중곡제일시장(중곡제일골목시장, 광성시장)",11215740
2130224,개봉프라자(고척근린시장),11530730
2130024,남대문시장(자유상가),11140540
2130022,숭례문수입상가(남대문시장),11140540
2130103,이경시장,11230720
2130235,대명여울빛거리시장(대명시장),11545670
2130100,답십리시장,11230610
2130094,청량리청과물시장,11230545
2130201,월정로시장,11470560
2130307,도곡시장,11680650
2130322,고분다리전통시장,11740620
2130148,방학동도깨비시장,11320700
2130317,마천중앙시장,11710550
2130257,영등포시장기계공구상가,11560535
2130293,봉천중앙시장,11620615
2130032,인현시장,11140590
2130158,상계역전종합상가,11350670
2130291,봉천제일종합시장,11620595
2130182,영천시장,11410520
2130210,목2동시장,11470520
2130129,장미원골목시장,11305645
2130015,창신골목시장,11110680
2130262,상도도깨비 골목형상점가,11590540
2130130,수유북부골목시장,11305660
2130008,종오지하쇼핑센터,11110615
2130114,유영시장,11260660
2130216,화곡중앙시장,11500540
2130252,영등포로타리지하도상점가,11560535
2130086,서울약령시장,11230545
2130056,용산용문시장,11170590
2130053,백학시장,11140650
2130204,경창시장,11470570
2130318,로데오거리상점가,11740610
2130285,서원동상점가,11620645
2130104,전곡시장,11230660
2130243,도림시장,11560585
2130004,낙원시장(낙원지하시장(대일상가)),11110615
2130250,삼구시장(로타리상가),11560535
2130072,성동용답상가시장,11200790
2130212,공항시장,11500640
2130281,우림시장,11620775
2130314,풍납시장,11710510
2130312,석촌시장,11710600
2130304,신사상가,11680545
2130179,"이화여대 3,5,7길 상점가",11410585
2130078,화양제일골목시장,11215710
2130289,봉일시장,11620605
2130102,이문제일시장,11230750
2130058,이촌종합시장,11170630
2130057,만리시장,11170555
2130237,박미시장(기능상실),11545690
2130259,대신시장,11560630
2130306,강남언주로,11680640
2130323,둔촌역전통시장,11740660
2130127,석관시장,11290810
2130014,동문시장,11110670
2130106,중랑동부시장,11260520
2130064,금남시장,11200615
2130150,창동골목시장,11320513
2130300,강남터미널지하도상점가3구역,11650581
2130121,길음시장,11290660
2130097,답십리 건축자재시장,11230600
2130268,상도전통시장,11590530
2130292,봉천현대시장,11620605
2130303,영동전통시장,11680521
2130134,"솔샘시장(미아6,7동골목시장)",11305575
2130163,응암오거리상점가,11380600
2130223,고척근린시장,11530730
2130101,답십리현대시장,11230600
2130298,강남터미널지하도상점가2구역,11650581
2130169,대조시장,11380570
2130247,우리시장,11560700
2130160,수일시장,11380650
2130074,영동교골목시장,11215847
2130067,왕십리도선동상점가,11200535
2130192,동진시장,11440710
2130215,대원종합시장,11500560
2130198,아현시장,11440555
2130010,종로신진시장,11110630
2130109,묵1동도깨비시장,11260620
2130280,신림종합시장,11620685
2130256,신동시장,11560650
2130013,동대문상가A동,11110670
2130271,남성역골목시장,11590650
2130070,뚝섬역상점가,11200660
2130251,영등포시장지하도상점가,11560535
2130279,관악신사시장,11620685
2130229,남구로시장,11530530
2130061,이태원시장,11170650
2130034,필동 골목형상점가,11140570
2130046,team204(팀204),11140615
2130270,흑석시장,11590605
2130151,신도봉시장,11320521
2130188,합정시장,11440680
2130301,양재시장,11650651
2130206,신정3동 골목시장,11470640
2130062,보광시장,11170700
2130122,밤나무골시장,11290715
2130040,남평화시장,11140610
2130284,관악종합시장(신원시장),11620655
2130269,강남시장(동작구 강남시장),11590530
2130023,남대문로 지하상가(남대문지하쇼핑센터),11140520
2130156,시영2단지 무지개종합상가(중계 무지개2단지아파트상가),11350625
2130045,광희패션몰,11140610
2130176,유진상가,11410660
2130017,동대문상가C동,11110670
2130175,신촌 상인회(신촌상점가),11410585
2130205,신곡종합시장(신월6동 골목시장),11470610
2130209,목사랑시장(목4동시장),11470540
2130081,자양골목전통시장(자양골목시장),11215820
2130036,중부시장(신중부시장),11140590
2130093,동서시장,11230545
2130234,푸른터시장(기능상실),11545630
2130295,인헌시장(원당종합시장),11620625
2130172,모래내시장(서중시장),11410690
2130286,신신림시장(삼성동시장),11620745
2130139,강북종합전통시장(강북종합골목시장),11305630
2130214,송화벽화시장(송화골목시장),11500611
2130052,서울중앙시장(신중앙시장),11140670
2130110,면목골목시장(면목시장),11260570
2130227,고척골목시장상점가(그라운드 고척),11530720
2130288,신림현대종합상가,11620665
2130162,증산골목시장,11380640
2130272,사당시장,11590650
2130239,양남시장,11560610
2130115,우림골목시장,11260655
2130143,방천골목시장,11305545
2130029,명동역지하도상가,11140550
2130248,영등포역지하도상점가,11560515
2130042,약수시장,11140635
2130238,은행나무시장,11545710
2130219,까치산시장,11500593
2130068,마장축산물시장,11200540
2130226,고척프라자,11530720
2130119,정릉아리랑시장,11290630
2130325,명일전통시장,11740530
2130159,공릉동 도깨비시장,11350595
2130090,청량리종합시장,11230545
2130142,강북북부시장,11305590
2130085,용두시장,11230536
2130050,청평화시장,11140615
2130170,제일시장,11380570
2130092,청량리농수산물시장,11230545
2130099,전농로터리시장,11230560
1001492,명동 남대문 북창동 다동 무교동 관광특구,11140520
1001493,동대문패션타운 관광특구,11140590
1001494,종로?청계 관광특구,11110615
1001495,잠실 관광특구,11710566
1001496,강남 마이스 관광특구,11680580
1001491,이태원 관광특구,11170650
