상권코드,상권코드명,x,y
2110753,시흥동 은행나무사거리,126.9088443,37.44868725
2110427,노원 을지대학교병원,127.0709781,37.63446919
2110755,동일여자고등학교,126.9129778,37.45100597
2110739,시흥3동 우편취급국,126.9015644,37.44148231
2111017,송파나루역 3번,127.1156142,37.50906048
2110249,중화역 1번,127.0815723,37.6045045
2110963,역삼월드메르디앙아파트,127.0368635,37.49237963
2110332,돌곶이역 3번,127.0583855,37.61260913
2110245,KB국민은행 중화동지점,127.0784504,37.59729869
2110719,영서중학교,126.8926944,37.48854341
2110932,서울시인재개발원,127.0233481,37.48426499
2110933,한국상담대학원대학교,127.0236428,37.48649943
2110868,남부초등학교,126.9235895,37.48484627
2110395,신한은행 방학동지점,127.0363815,37.66401015
2110393,국민은행방학지점,127.0330712,37.66212807
2110114,왕십리파출소,127.0317163,37.56748861
2110760,선유도역 6번,126.8922187,37.53626014
2111068,강동성심병원,127.1354445,37.5359163
2110619,목4동주민센터,126.866238,37.53145827
2110093,우사단길,127.0001471,37.5325972
2110734,금천파출소,126.8989714,37.45378797
2111030,방이역 2번,127.1295325,37.50636105
2110573,신촌역 6번,126.938956,37.55340352
2110053,청구역 1번,127.0126086,37.56200513
2110972,강남세브란스병원미래의학연구센터,127.0428126,37.4945941
2110911,방배배수지체육공원,126.9899274,37.47273395
2110969,베르사이유1아파트,127.0403046,37.49891981
2111002,한국교통안전공단 강남자동차검사소,127.1197924,37.46956517
2110863,난우초등학교,126.9183863,37.47635528
2110751,난곡중학교,126.9074066,37.47817624
2110993,개포지하차도 북측,127.0583028,37.47753139
2110725,가산동주민센터,126.8905277,37.47782843
2110723,가산디지털단지역 1번 출입구,126.8837471,37.48332712
2110938,바우뫼공원,127.0362897,37.47515252
2110999,윗방죽마을공원,127.1037093,37.47172479
2110941,언남고등학교,127.0418738,37.47381718
2110087,이태원엔틱가구거리,126.9938906,37.53115544
2110094,오산중학교,127.0011652,37.52520898
2110262,상봉역 3번,127.0893857,37.59450686
2110279,신내역 2번,127.1094653,37.61234756
2110107,금호사거리,127.0241599,37.54747024
2110576,대흥역 3번,126.9435674,37.54618882
2111010,석촌역 7번,127.1018111,37.50577551
2110098,서울독일학교,127.0103641,37.53650709
2110669,화곡보람2차아파트,126.85452,37.55322156
2111081,둔촌푸르지오아파트,127.1463276,37.5352546
2110331,돌곶이역 8번,127.0572495,37.60812276
2110786,당산역 8번,126.9048371,37.53404551
2110956,언주역 8번,127.0312034,37.50481515
2111003,삼전역 4번,127.0820847,37.50391677
2110565,홍익대,126.9280808,37.55287482
2110149,세종대학교,127.0761853,37.5524757
2110110,상왕십리역 6번,127.0280702,37.56392159
2110539,미근동,126.9669159,37.56337068
2110505,홍남교남측,126.9247101,37.57364068
2110055,황학동벼룩시장,127.0185301,37.56990608
2110122,마장역 2번,127.0438732,37.56775502
2111065,천일초등학교,127.1341546,37.54221576
2110305,보문역 5번,127.0222245,37.58416819
2110499,연가초등학교,126.918407,37.58200673
2110150,중곡1동 마을마당,127.0766133,37.56153946
2110236,신묵초등학교,127.0749631,37.60896878
2111023,문정역 1번,127.1229875,37.4877893
2110925,서초중학교,127.0066485,37.48683499
2110910,내방역 5번,126.9894843,37.48823127
2110775,대동초등학교,126.9010237,37.49165916
2110854,조원동주민센터,126.9076615,37.4823391
2110853,KT구로지사,126.9022926,37.48108238
2110918,방배역 3번,126.993578,37.4822759
2110243,중랑노인종합복지관,127.0779427,37.58821703
2110935,한전아트센터,127.0267408,37.48619243
2110585,마포경찰서,126.9545063,37.55214914
2110871,신원동주민센터,126.927336,37.48072201
2110811,보라매역 4번,126.9172306,37.49921305
2110992,도곡초등학교,127.0564656,37.4999043
2111043,마천공원,127.1457074,37.5014047
2111039,벌말어린이공원,127.1400196,37.50179901
2110771,대림역 11번,126.8987724,37.49239607
2110700,고척초등학교,126.8575722,37.50144474
2110903,방배아이파크아파트,126.9847797,37.49242044
2110709,구로119안전센터,126.8816392,37.49360552
2110986,삼성중앙역 7번,127.0524584,37.51065514
2110949,한남IC,127.0194229,37.52085555
2111026,문정역 2번,127.1265092,37.48412749
2110621,목동역 5번,126.867754,37.52508989
2110684,서울공연예술고등학교,126.8303137,37.49796689
2110757,양평역 2번,126.8838748,37.52501675
2110878,미림여고,126.9328788,37.46493058
2110866,난우중학교,126.922091,37.46880732
2110379,KT&G 북부지사,127.0353139,37.63534119
2110882,신성초등학교,126.9367606,37.47281657
2110724,금천구립가산도서관,126.8903309,37.47326914
2110926,신중초등학교,127.0076543,37.48144689
2111016,송파역 2번,127.1151154,37.50095193
2110223,군자초등학교,127.0630448,37.56402522
2110648,양천향교역 7번,126.8377528,37.56678673
2110629,송정역 4번,126.8084772,37.5597151
2110023,서울대병원,127.0012113,37.57872827
2110946,청계산원터골,127.0568413,37.44357296
2110160,광진경찰서,127.0832259,37.54369522
2110923,방배역 1번,126.9997852,37.48049207
2110788,영등포시장역 3번,126.9061416,37.52233353
2111011,잠실나루역,127.1044221,37.52084702
2110950,논현역 7번,127.0239907,37.51361064
2110991,삼성중앙역 5번,127.0558415,37.51235649
2110774,당산반도유보라팰리스아파트,126.8997987,37.52831998
2110796,한림대학교한강성심병원,126.908968,37.52372329
2110601,신월1동우편취급국,126.836491,37.52781682
2110687,"천왕역 3번(오류2동주민센터, 서울오류남초등학교)",126.8377982,37.48836366
2110618,강서고등학교,126.8656987,37.53567434
2110545,마포구청역 1번,126.9047293,37.56541818
2110460,구산역 4번,126.9148605,37.61441286
2110483,연천초등학교,126.9269514,37.62007016
2110906,서문여고,126.9863745,37.49016812
2110626,양화초등학교,126.8734454,37.54450368
2110745,독산동정훈단지,126.9042569,37.46569474
2110790,대림1동주민센터,126.9063314,37.49720467
2110795,도림초등학교,126.908658,37.50889253
2110501,연희어린이공원,126.9213083,37.56832259
2110514,서대문우체국,126.9337107,37.55956351
2110838,상도1동주민센터앞,126.9535784,37.49734982
2110488,우리은행응암동지점,126.9303792,37.60041265
2110288,동구여중,127.005299,37.59098166
2110204,간데메공원,127.0491518,37.57359139
2110340,인수중학교,127.0085208,37.64430195
2110011,청운초등학교,126.9681849,37.58690501
2110189,제기동역 1번,127.0333744,37.57978673
2110231,장안교,127.0734631,37.58083176
2110475,백련산해모로아파트,126.922308,37.59761454
2110890,봉천역 1번(관악초등학교),126.9453696,37.48010102
2110435,서울과학기술대,127.0763659,37.62961852
2110401,도봉구민회관,127.0393122,37.6550985
2110337,아카데미하우스,127.0070025,37.64467146
2110195,동대문구청,127.040663,37.57591918
2110388,도봉우체국,127.0293598,37.6486864
2110224,외대앞역 2번,127.0635573,37.5944425
2110246,월드순복음교회,127.0785363,37.59282972
2110423,석계역 2번,127.0639974,37.61912938
2110271,신내역 1번,127.0980528,37.61539393
2110104,신금호역 4번,127.0200987,37.55202104
2110193,고려대역 4번,127.0378057,37.589408
2110373,수유역 2번,127.0290832,37.63671239
2110960,은광여고,127.0340795,37.48733482
2111055,선사초등학교,127.128474,37.55525051
2110773,당산역 13번,126.8992334,37.53646455
2110072,열정도,126.9688502,37.53903525
2110121,한양대역 4번,127.0420333,37.55674551
2110990,청담역 12번,127.0550105,37.52042987
2110797,KT대방빌딩,126.9091717,37.49568419
2110100,옥수동우편취급국,127.0105343,37.54053454
2110091,리움미술관,126.9986762,37.53677784
2110805,신길새마을금고신길4동지점,126.9127332,37.50588626
2110663,우장산롯데캐슬아파트앞,126.8496061,37.5543867
2110530,아현역 1번,126.9536203,37.55750973
2110026,종로5가역 4번,127.005377,37.57285367
2110043,충무초등학교,127.0011092,37.56053717
2110564,홍대입구역 3번,126.9255953,37.5600272
2110948,헌인가구단지,127.0890886,37.45902345
2110238,배꽃어린이공원,127.0754788,37.60376073
2110914,내방역 6번,126.9911576,37.4895649
2110880,신림역 1번,126.9334384,37.48394221
2110779,대림갑을명가아파트,126.9028382,37.49627382
2110791,신풍역 3번,126.9071199,37.4997191
2111037,Sh수협은행 오금동금융센터(아랫말어린이공원),127.1377176,37.50458582
2110705,고산초등학교,126.8645417,37.49975904
2110570,KB국민은행 서강지점,126.9353878,37.54407629
2110921,서울프랑스학교,126.996517,37.49750305
2110798,신풍역 2번,126.9091907,37.49861248
2110852,이수역 9번,126.9795919,37.48328344
2110343,무너미어린이공원,127.0120674,37.64467105
2110523,홍제성원아파트,126.9440599,37.58375158
2110200,동대문경찰서,127.0444608,37.58504488
2110965,언주역 6번,127.0378543,37.50627283
2110275,하나은행 망우동지점,127.0994343,37.59819288
2110298,솔숲어린이공원,127.015866,37.60461271
2110347,구세군강북종합사회복지관,127.0139221,37.6258853
2110383,덕성여대시반거리,127.0139042,37.65135614
2110389,한일병원,127.0294828,37.64443372
2110342,국립재활원,127.0119415,37.63724695
2110412,창동중학교,127.0478384,37.66155539
2110320,KB국민은행 종암동지점,127.0371064,37.59475111
2110678,염창무학아파트,126.8761518,37.55018283
2110146,신자초등학교,127.0726342,37.53165584
2110073,삼각지역 3번,126.9726548,37.53135966
2110151,자양한강도서관,127.0772608,37.53099517
2110169,성동초등학교,127.0885083,37.53245591
2111076,둔촌2동주민센터,127.1429417,37.53372704
2111067,강동구립성내도서관,127.1352002,37.53222248
2110154,광진정말공원,127.0790848,37.53329152
2111058,성내중학교,127.1300707,37.52970544
2110783,영등포시장역 1번,126.9039104,37.52441305
2110143,뚝섬유원지역 1번,127.0687214,37.53354128
2110092,NH농협은행 보광동지점,126.9996719,37.5286418
2110144,어린이대공원역 4번,127.0717432,37.54637873
2110059,새남터성지,126.9558911,37.5258765
2110044,관성묘,127.003452,37.56090654
2110088,오산고등학교,126.9952938,37.52623603
2110770,영등포구청역 6번,126.8981885,37.52270537
2110976,언북초등학교,127.045577,37.52171331
2110155,광진구청,127.0792945,37.53902174
2110267,망우역 2번,127.0916702,37.6014157
2110600,신월7동주민센터,126.8344322,37.52260617
2110985,청담근린공원,127.0522521,37.52302601
2110756,문래중학교,126.8835852,37.52210622
2110129,성원어린이공원,127.0502339,37.54991274
2110234,중랑역 4번,127.0740761,37.59386874
2110045,동대문역사문화공원역 5번,127.0049461,37.56244719
2110398,쌍문2동우체국,127.0370229,37.65480192
2110704,고척중학교,126.863683,37.49931656
2110981,국악고교사거리,127.0489292,37.47550837
2110381,번동주공2단지,127.04409,37.62827451
2110977,논현로18길,127.0469067,37.47733824
2111082,중앙보훈병원,127.147444,37.53336111
2110628,신목동역,126.8797697,37.54523108
2110126,서울숲역 1번,127.0466778,37.54548129
2110556,절두산순교성지,126.9133218,37.54462077
2110180,광진정보도서관,127.1085132,37.54941405
2110577,용강동주민센터,126.9439316,37.54346797
2110653,화곡역 2번,126.8410719,37.54422127
2110148,어린이대공원역 3번,127.0758839,37.54542108
2110581,염리초등학교,126.9468284,37.54336119
2110139,자양4동주민센터,127.0639709,37.53518377
2111071,천동초등학교,127.1390728,37.54011074
2110102,옥수역 6번,127.0155475,37.54318293
2110908,구반포역,126.9871301,37.50198941
2111041,거여역 8번,127.1412942,37.49404884
2110777,구로세무서,126.901605,37.51398655
2110764,문래역 3번,126.8947068,37.52093635
2110959,신구중학교,127.0323772,37.52541178
2110962,도산공원북측,127.0350924,37.5256813
2110070,용산세무서,126.9681891,37.52375409
2110604,신월4동주민센터,126.839883,37.52341558
2110602,신월시영아파트중문,126.837528,37.51912359
2110643,강서구다솔마을,126.8197051,37.55480433
2110598,신월문화체육센터,126.8332369,37.52086555
2110729,가산동우체국,126.8930603,37.47770461
2110761,문래동남성맨션,126.8925255,37.51171712
2110784,신대림초등학교,126.9039519,37.49200395
2110818,신대방역 3번,126.9103924,37.48671109
2110553,가좌역 2번,126.9108157,37.56808988
2111045,개미어린이공원,127.1507199,37.49144229
2110461,새절역 2번,126.9152158,37.59075311
2110476,역촌역 2번,126.9228065,37.60833665
2110842,흑리단길,126.9651198,37.5072198
2110287,정릉3동주민센터,127.0036128,37.60936194
2110312,안암역 2번,127.0294607,37.58840127
2110494,증산3교남측,126.9060365,37.57899722
2110504,명지전문대,126.9241202,37.58600194
2110184,용두사거리,127.0291277,37.57662537
2110183,한국의류시험연구원,127.0283018,37.57786894
2110244,중화역 4번,127.078287,37.60347059
2110434,태릉입구역 4번,127.0763117,37.62093304
2110386,연산군묘,127.02363,37.66098609
2110248,먹골파출소,127.0804854,37.61532613
2110132,성수2가3동주민센터,127.0541717,37.54944248
2110145,장안초등학교,127.0726171,37.54903614
2111080,굽은다리역 3번,127.1460244,37.54802213
2110612,신정역 5번,126.8557883,37.52341805
2110082,용산구청,126.9912544,37.53241667
2110594,신월중학교,126.8271143,37.54168788
2110141,건대입구역 1번,127.0662747,37.54308426
2110103,옥수터널,127.0166344,37.54603895
2111078,굽은다리역 4번,127.1446346,37.54325756
2110644,신광명마을,126.8239218,37.54716123
2110096,한남힐사이드아파트,127.0038246,37.54269735
2110127,성수1가1동주민센터,127.0494703,37.54172298
2110097,한남초등학교,127.0056573,37.53674167
2110561,상수역 4번,126.9207882,37.54644603
2110264,면목역 2번,127.0912335,37.58693711
2110166,구의1동주민센터,127.0855541,37.54121581
2110136,경수초등학교,127.059551,37.5402497
2110438,경춘선숲길 우측,127.0785596,37.62581492
2110131,성수동카페거리,127.053001,37.54220799
2110566,경의선책거리,126.9285757,37.5561097
2110569,홍대땡땡거리,126.9317797,37.55479614
2110554,망원역 1번,126.9126179,37.55625214
2110054,청구역 3번,127.0133547,37.55698649
2110582,이대역 5번,126.947352,37.55512847
2110650,우장산힐스테이트,126.8389202,37.55552588
2110164,아차산역 5번,127.0852173,37.55345162
2111032,방이역 1번,127.1306224,37.5087385
2110677,등촌역 1번,126.8653949,37.55365792
2110699,덕의초등학교,126.8559908,37.50638033
2111015,석촌역 3번,127.1121034,37.50598243
2110814,서울지방병무청,126.9214176,37.50738802
2110826,장승배기역 4번,126.9343712,37.50334141
2110177,동의초등학교,127.0954918,37.55242563
2110623,갈산공원,126.8692906,37.50672916
2110111,대현산장미원,127.0297747,37.55247851
2111006,석촌고분역 1번,127.0930791,37.50508894
2110047,다산성곽길,127.0068809,37.55551842
2111004,삼전역 1번,127.0848249,37.50678904
2110967,역삼역 8번,127.0382492,37.50439861
2110555,홍익지구대,126.9127346,37.5532519
2110575,대흥동주민센터,126.9412521,37.55499945
2110050,약수역 7번,127.0108868,37.55210334
2110649,우장산역 1번,126.8379075,37.5528215
2110168,대원고등학교,127.0879233,37.56419853
2110580,양원초등학교,126.9449541,37.55330736
2110661,강서새말어린이공원,126.8476755,37.55211371
2110106,금북초등학교,127.0241063,37.55647122
2110174,아차산역 1번,127.0911723,37.55530322
2110540,망원나들목체육관,126.8998548,37.55401654
2110557,홍대부속여중고앞,126.9151961,37.55819116
2111070,천호초등학교,127.1371511,37.54726692
2110051,한양공고앞 교차로,127.0115449,37.56345584
2110624,목동문화체육센터,126.8712107,37.54115855
2111084,길동신동아아파트,127.1483096,37.5419916
2110101,옥정중학교,127.0126842,37.54061542
2110559,성산중학교,126.9167932,37.54688477
2110170,동대부여고,127.0887001,37.54150181
2110159,구의역 4번,127.0808514,37.53483103
2111083,GS강동자이아파트,127.1474643,37.53792014
2110134,성수119안전센터,127.0572171,37.53623239
2111007,석촌고분역 4번,127.0937172,37.4998626
2111009,송파책박물관,127.1017,37.49893697
2110075,숙대입구역 1번,126.9743125,37.5471816
2110563,상수역 3번,126.9248059,37.545854
2110120,서울숲카페거리,127.0409529,37.54717729
2110567,광흥창역 6번,126.9290595,37.54714506
2110179,광나루역 1번,127.103156,37.54615724
2110217,자동차부품상가,127.0586766,37.56509966
2111051,천호역 6번,127.1244677,37.53481114
2110065,남정초등학교,126.9645404,37.53654727
2110579,마포역 4번,126.9448986,37.53633251
2110173,구남초등학교,127.0908653,37.53548148
2110095,한강진역 3번,127.0017877,37.53763378
2110076,삼각지역 14번,126.9744864,37.53503616
2110034,창신1동주민센터,127.0172964,37.57054598
2110843,사당5동주민센터,126.9671761,37.48634407
2110599,신월1파출소,126.8339719,37.53121008
2111056,천호태영아파트,127.1289193,37.53777065
2110140,건대입구역 6번,127.0659427,37.53874163
2110667,가양역 10번,126.853134,37.56171624
2110844,흑석2치안센터,126.9688528,37.50567112
2111012,석촌역 6번,127.1059793,37.50216782
2110268,망우3동주민센터,127.0946475,37.59173671
2110543,중암중학교,126.9028403,37.57317421
2110086,이태원역 북측,126.9924532,37.53706592
2111020,방이동고분군(방산고등학교),127.1203838,37.50696539
2110793,대림썬프라자,126.9075654,37.49606137
2110099,유엔빌리지길,127.0124003,37.53438954
2110058,성심여자고등학교,126.9546417,37.53419227
2110593,신월3동주민센터,126.8263755,37.53336156
2110176,해오름공원,127.0914923,37.55789785
2110040,중구회현체육센터(정화예술대남산캠퍼스),126.981926,37.55618398
2111008,석촌고분역 3번,127.1008877,37.5003072
2110118,왕십리역 9번,127.0361147,37.5577746
2111063,강동구립 천호도서관,127.132227,37.53996543
2110133,서울교통공사,127.0566488,37.56278509
2110721,가리봉파출소,126.8930686,37.47982199
2110888,청룡동주민센터,126.9436521,37.47876672
2110436,상계제일중학교,127.076578,37.65969322
2110697,개봉3동주민센터,126.8528007,37.48369807
2111040,거여초등학교,127.1407684,37.50305952
2110889,봉천역 6번,126.9452195,37.48439876
2110858,신대방역 1번,126.9146548,37.48695752
2110964,싸리고개근린공원,127.0374052,37.49019902
2110975,매봉역 1번,127.0451716,37.48725902
2110511,연희초등학교,126.9319959,37.56596862
2110165,국립정신건강센터,127.0853176,37.56209211
2110508,서연중학교,126.9273401,37.56976805
2111069,천호1동주민센터,127.135539,37.5443946
2110161,중곡역 3번,127.0836041,37.5682201
2110660,등촌3동주민센터,126.8473679,37.55865455
2110560,마포FM,126.9184535,37.56012159
2110153,중곡1동주민센터,127.0790682,37.56044763
2110674,강서구청가양동별관,126.8599266,37.56085053
2110229,장평중학교,127.07021,37.56462485
2110652,양천향교역 2번,126.8396011,37.57053739
2110032,수족관거리,127.0149532,37.57029402
2110497,가좌역 3번,126.9133934,37.5707137
2110225,촬영소사거리,127.06374,37.56966508
2110171,중곡4동주민센터,127.0893444,37.55990872
2110198,동대문중앙새마을금고본점,127.0426025,37.58241466
2110015,청와대사랑채,126.9724326,37.58172537
2110186,종암초등학교,127.0304883,37.58175168
2110259,사가정역 1번,127.0860993,37.58238194
2110702,개봉초등학교,126.8597336,37.48862601
2110919,내방역 8번,126.9949003,37.49071841
2110845,사당종합체육관,126.9700462,37.49086789
2111027,문정초등학교,127.1265281,37.48866855
2110591,충정로역 6번,126.962459,37.55813456
2111090,강일동주민센터,127.1738113,37.5650764
2111021,방이역 4번,127.1226524,37.51105361
2110655,발산역 5번,126.8418137,37.55732277
2110039,회현역 1번,126.980839,37.55830115
2110541,동교초등학교,126.9014681,37.55790119
2110004,대신고등학교,126.9605497,37.57328869
2110162,군자역 4번,127.0836834,37.55814691
2110041,남산케이블카,126.9853099,37.55657188
2110520,경의중앙 신촌역,126.9405483,37.55765704
2110147,능동우편취급국,127.0736313,37.55617141
2110636,방화역 2번,126.8134887,37.57429221
2110185,용두초등학교,127.0293081,37.57458006
2110115,상왕십리역 3번,127.0321115,37.56520898
2110057,황학코아루아파트,127.0225021,37.56631042
2110437,당고개역 2번,127.0777421,37.66746792
2110524,연희세브란스병원,126.9445159,37.5642813
2110534,경기대학교,126.9604526,37.5641886
2110152,중곡어린이공원,127.0779751,37.5650074
2110548,마포구청역 4번,126.9057976,37.56196822
2110722,G타워,126.8967873,37.48053709
2110537,충정로현대아파트,126.963645,37.56306338
2110119,마장지하차도,127.0377604,37.56695524
2110226,장안1동주민센터,127.0666032,37.56896073
2110218,답십리사거리,127.0586919,37.57009117
2110038,경향신문사,126.9696986,37.56753403
2110536,돈의문센트레빌아파트입구,126.9628509,37.56665811
2110158,중곡3동주민센터,127.0808084,37.56839324
2110240,태릉시장 특화거리,127.0767752,37.59795752
2110500,남가좌동현대아파트,126.9198194,37.57407895
2110025,충신시장옆,127.0042111,37.57479086
2110633,개화산역 1번,126.8101764,37.57251197
2110036,동묘앞역 3번,127.0202062,37.57305028
2110030,동대문역 3번,127.0125992,37.57314144
2110641,공항고등학교,126.8182374,37.57200208
2110517,서대문소방서,126.9363924,37.57363854
2110439,당고개역 5번,127.0787211,37.67149466
2110209,답십리 장령당공원,127.0521039,37.57010327
2110518,서대문구청,126.9365703,37.57748588
2110637,송정역 2번,126.8139154,37.56203936
2111061,암사역 1번,127.1311953,37.55172462
2110631,방화초등학교,126.8096411,37.56934862
2110716,구로나눔길,126.8886159,37.49382855
2110657,양천향교역 5번,126.8434371,37.56575826
2110526,봉원사,126.946686,37.56850797
2111033,문정동성당,127.1333221,37.48774205
2110330,돌곶이역 1번,127.0543067,37.61058386
2110693,오류동역 4번,126.8465444,37.49657451
2110917,서초소방서,126.9926381,37.49730465
2110615,신서초등학교,126.86137,37.52092896
2110994,개포고등학교,127.0615182,37.48313403
2110698,개웅초등학교(개웅중학교),126.8530738,37.48856385
2111088,고덕동성당,127.1699518,37.56017159
2110078,이촌동점보아파트,126.9786774,37.51820627
2110973,강남구청역 4번,127.0434148,37.51893003
2110988,청담역 3번,127.0543867,37.51816864
2110966,논현2동주민센터,127.0379511,37.51878775
2110799,영등포본동주민센터,126.9101119,37.51316441
2110970,학동초등학교,127.0415217,37.51172268
2110211,전곡마을마당공원,127.0545558,37.57951755
2110974,언주중학교,127.0447577,37.51359558
2110216,전농중학교,127.0586195,37.57881283
2110205,경희대삼거리,127.0512692,37.59087154
2110825,신대방삼거리역 1번,126.9324663,37.49624041
2110834,동작구자원봉사센터,126.9463215,37.50854624
2110689,오류동역 3번,126.8431271,37.49760617
2110861,관악구신사동주민센터,126.9177449,37.48397737
2110690,오류2동버들시장,126.843389,37.49135354
2110625,신정2동주민센터,126.871623,37.51846279
2110782,영등포시장역 4번,126.9039021,37.52205242
2110089,서빙고동주민센터,126.9964027,37.52202839
2110806,서울시립영등포장애인복지관,126.9131001,37.52114052
2110609,신정네거리역 2번,126.8489486,37.52130115
2110758,문래소공원,126.8867883,37.52092001
2110954,국기원,127.0286692,37.50250922
2110995,봉은사역 4번,127.0624285,37.51722762
2110616,양목초등학교,126.8619881,37.52311911
2110968,강남구청역 2번,127.0401886,37.51467843
2110071,한강미주맨션아파트,126.9688466,37.52060976
2110607,금빛새마을금고본점,126.8452071,37.51992679
2110613,신정네거리역 4번,126.8566449,37.51914834
2110206,텃골근린공원,127.0517592,37.57904129
2110670,신곡초등학교,126.8561041,37.53571709
2110646,푸른들청소년도서관,126.8356849,37.54456529
2110647,화곡역 5번,126.8376776,37.53882868
2110597,신월1동주민센터,126.831985,37.53435176
2110596,서서울호수공원,126.8312504,37.52897174
2110256,면목2동체육관,127.0833338,37.589709
2110982,강남구보훈회관,127.0497694,37.51502618
2110695,개봉1동주민센터,126.851218,37.50067105
2110997,대청초등학교,127.0845483,37.49220196
2110835,상도역 1번,126.9480794,37.50172642
2110952,논현목련공원,127.0263312,37.5113306
2110208,시조사삼거리,127.0520713,37.58826732
2111064,둔촌동역 4번,127.1322846,37.52774781
2110219,삼육보건대학교,127.0607779,37.58794781
2110258,면동초등학교,127.0860696,37.58610306
2110833,상도역 2번,126.9449115,37.50340085
2110780,신길대성유니드아파트,126.9028534,37.50199522
2110989,대치동아우편취급국,127.0544321,37.50279749
2110175,푸른동산공원,127.0913477,37.54136464
2110083,서빙고역 1번,126.9916402,37.52177587
2110706,그라운드 고척,126.865749,37.50132817
2110692,큰굴다리,126.846199,37.49957441
2110831,상도4동주민센터,126.9417936,37.49887631
2111005,삼전역 3번,127.0885059,37.50168665
2110167,용마초등학교,127.0857883,37.55797421
2110156,군자역 5번,127.0803739,37.55373432
2111025,경찰병원역 3번,127.1257119,37.49415655
2111038,보인중학교,127.139088,37.49952056
2110823,신대방삼거리역 3번,126.9264284,37.49539887
2110720,대림역 2번,126.8928355,37.49261609
2110686,수궁동주민센터,126.8341418,37.49535941
2110713,구로보건소,126.8876997,37.50158534
2110691,개봉중학교,126.8445871,37.50252759
2110772,신우어린이공원,126.898871,37.50313615
2110808,신길역 1번,126.9142369,37.51625792
2110605,목동센트럴아이파크앞,126.8407814,37.51586639
2110768,도림2동유수지내체육시설,126.8969766,37.50730617
2110839,숭실대입구역 4번,126.9568708,37.49438675
2110703,개봉역,126.8601857,37.49479844
2111036,투구봉어린이공원,127.1360355,37.49378471
2111014,송파나루역 2번,127.1111744,37.51255163
2110915,서래초등학교,126.9922313,37.49494399
2110714,구로4동주민센터,126.8884618,37.49102627
2110603,지향초등학교,126.8396796,37.51273842
2110765,문래동사거리,126.8958511,37.5115399
2110951,신사은행나무공원,127.025407,37.52087243
2110682,온수역 8번,126.824327,37.49501185
2110617,등촌역 4번,126.864934,37.54565654
2110912,방배동사이길,126.990015,37.49406984
2110125,사근동살곶이상점가,127.0458953,37.56123104
2110856,미성초등학교,126.9125263,37.47963977
2110828,노량진역 6번,126.9360499,37.51079364
2110961,언주역 3번,127.0343391,37.51107626
2110809,장훈고등학교,126.9157796,37.51238471
2110666,KC대학교,126.852683,37.54934499
2111019,한성백제역 3번,127.1177816,37.51363544
2110658,화곡초등학교,126.8460034,37.54527296
2110672,백석중학교,126.8594105,37.54636188
2110654,까치산역 4번,126.8412541,37.5330221
2110673,뜸부기어린이공원,126.8598024,37.5304597
2110645,우장산역 4번,126.8332935,37.55136447
2110762,선유도역 1번,126.8931634,37.54027045
2110659,화곡역 4번,126.846533,37.54084975
2110595,메디힐병원,126.8301331,37.53771885
2110664,강서구청옆,126.8520553,37.55202017
2110207,시립대앞사거리,127.0518646,37.58418591
2110665,곰달래도서관,126.8523709,37.5296938
2110708,화원어린이공원,126.8810555,37.49801986
2110668,화곡2동주민센터,126.8533488,37.53296565
2110606,신한은행 신월동지점,126.8412144,37.51972327
2110662,까치산역 1번,126.8492054,37.53420382
2110620,목동보건지소,126.8670625,37.53865819
2110701,고척동성당,126.8593747,37.50519508
2110542,마포구청역 7번,126.9018261,37.561073
2110090,한국폴리텍대학서울정수캠퍼스,126.9965834,37.52786689
2110614,목동로데오거리,126.8603273,37.52806366
2110656,까치산역 3번,126.8428019,37.52868134
2110987,영동대교남단,127.0533743,37.52620605
2111029,오금역 4번,127.1274161,37.498876
2110611,신정역 1번,126.8544246,37.52660592
2110763,영등포구청역 2번,126.8945519,37.52647737
2110859,난향초등학교,126.9165923,37.46298303
2110685,금강수목원아파트,126.831689,37.48983277
2110212,답십리초등학교,127.0561786,37.56971397
2110979,청담초등학교,127.0474696,37.52712759
2110816,대방역 6번,126.9230609,37.51513774
2110872,신림초등학교,126.9275082,37.47801008
2110740,금천해태공원,126.9017117,37.45844852
2110857,미성동주민센터,126.9138203,37.47517172
2110748,백산초등학교,126.9048096,37.44876516
2110747,석수역 1번 출입구,126.9048258,37.43603384
2110741,독산2동주민센터,126.9018969,37.46374662
2111044,남천초등학교,127.1491072,37.49926507
2110465,연신내역 7번,126.9172428,37.62119899
2110446,내를건너서숲으로도서관,126.9070743,37.5911254
2110052,장충초등학교,127.0117594,37.55965362
2110049,장충단 고개,127.010299,37.55735621
2110639,신방화역 8번,126.814517,37.56591458
2110109,금호삼성래미안아파트,127.0262317,37.55020883
2110683,오류고등학교,126.8273498,37.49840409
2110592,서울금융고등학교,126.8257008,37.53641495
2110681,온수역 1번,126.8239742,37.49118205
2110688,오류지구대,126.8381905,37.49518482
2110610,계남근린공원,126.8506207,37.51667213
2110635,공항시장역 3번,126.8134792,37.56448037
2110634,송정역 3번,126.8131911,37.55747016
2110638,신방화역 2번,126.8140301,37.57053592
2110630,공항시장역 1번,126.8085435,37.56475177
2110608,신월2동주민센터,126.8458865,37.52506338
2110627,신정롯데캐슬아파트,126.8748553,37.52017816
2110895,샤로수길,126.9559206,37.47578959
2110794,영동초등학교,126.9085893,37.52811989
2110651,화원중학교,126.8390633,37.53636184
2110551,성서초등학교,126.9097052,37.5596467
2110547,KB국민은행 망원동지점,126.9056535,37.55954443
2110800,영등포동성당,126.91017,37.52132754
2110807,신길역 3번,126.9141333,37.51779856
2110283,성북초등학교앞,126.9990149,37.59269366
2110792,영등포역 2번,126.9072517,37.5119999
2110785,영등포푸르지오아파트,126.9042127,37.50918635
2110458,선일여고,126.9133233,37.62141242
2110675,화곡4동주민센터,126.8603677,37.53672232
2110694,세곡초등학교,126.8478164,37.50503659
2110696,오류동역 1번,126.852147,37.49408586
2110544,망리단길,126.9046406,37.55505665
2110715,구로구민회관,126.8885318,37.4971712
2110718,한국SGI본부,126.8907621,37.50316497
2110733,금천어울림복지센터,126.8982197,37.45807615
2110727,독산역 1번 출입구,126.8914969,37.46428714
2110731,금천구청역 1번 출입구,126.8968336,37.45502952
2110735,말미고개,126.8996256,37.46322212
2110819,신대방역 4번,126.9111355,37.48936963
2110495,북가좌2동주민센터,126.9092152,37.58106298
2110496,모래내우체국,126.9120147,37.57835311
2110549,새터산,126.9088709,37.56635848
2110552,성미산체육관,126.9102435,37.56380972
2110837,숭실대입구역 1번,126.9528898,37.49537634
2110836,상도역 5번,126.9512227,37.50263777
2110513,연희파출소,126.9334514,37.57120423
2110892,관악구 중앙길,126.9513816,37.48435641
2110896,관악우성아파트,126.9571356,37.48630481
2110897,서울대입구역 8번,126.9579069,37.4819352
2110485,연신내우체국,126.9289436,37.62146791
2110916,내방역 4번,126.992334,37.48524915
2110464,연신내역 5번,126.9167941,37.61724334
2110455,역촌노인복지관,126.9129368,37.6031581
2110456,구산보건지소,126.9130331,37.60797847
2110137,성수초등학교,127.0625878,37.54548293
2110717,남구로역 2번,126.8891733,37.48396304
2110622,달마을공원,126.869189,37.54549014
2110711,구로초등학교,126.8847107,37.49639267
2110802,신길동홍어거리,126.9122531,37.51021974
2110710,남구로역 3번,126.8841266,37.48652607
2110712,남구로역 5번,126.8866923,37.48714124
2110728,두산초등학교,126.8917636,37.46751301
2110671,등촌1동주민센터,126.8592564,37.55612851
2110676,등촌역 7번,126.860558,37.54999426
2110463,응암3동주민센터,126.916109,37.59190702
2110752,한울중학교,126.9077426,37.4623007
2110766,대림역 5번,126.8962004,37.49610599
2110744,독산동성당,126.9042505,37.47074039
2110444,수색성당,126.9031386,37.57884171
2110736,독산119안전센터,126.9007824,37.46887244
2110737,금천세무서,126.9008048,37.47762127
2110738,문성초등학교,126.9012965,37.47338693
2110024,혜회동주민센터,127.0014492,37.58728771
2110776,도신초등학교,126.9011486,37.49980436
2110767,도림동주민센터,126.8967016,37.50994587
2110546,양화대교북단,126.9056538,37.55036326
2110550,합정역 8번,126.9094663,37.55134833
2110803,신길2동우편취급국,126.9123404,37.51293182
2110260,면목역 3번,127.0861308,37.5900764
2110787,신길3동주민센터,126.906014,37.50682716
2110804,신풍역 1번,126.9127181,37.49939901
2110812,신길6동주민센터,126.9175827,37.49778069
2110781,대림한신아파트,126.903349,37.49477856
2110210,서울시립대,127.0540392,37.58527514
2110789,대림성모병원,126.9063168,37.49074444
2110855,신대방역 2번,126.9116277,37.48426128
2110270,혜원여고,127.0972971,37.59179762
2110014,경복고등학교,126.971333,37.58546423
2110778,구로디지털단지역 4번,126.9024413,37.48845275
2110864,신림우방아파트,126.9200478,37.48739378
2110468,응암역 3번,126.9185767,37.60292787
2110459,응암역 2번,126.9137201,37.60148284
2110448,상신초등학교입구,126.9073957,37.59678388
2110450,시립서북병원,126.9085396,37.60583072
2110453,신사1동주민센터,126.9125043,37.59531015
2110891,구암초등학교,126.9480772,37.48854469
2110506,연희임광아파트,126.9248993,37.56563996
2110452,새절역 3번,126.9115822,37.58990352
2110128,성원중학교,127.04983,37.53810982
2110512,연희지하차도,126.9332648,37.57727683
2110519,서대문구보건소별관,126.9373787,37.58540605
2110535,영천시장입구,126.961084,37.56883795
2110538,충정로역 3번,126.9647327,37.56078419
2110012,성곡미술관,126.9689038,37.57334524
2110016,평창동동측,126.9747428,37.61324256
2110005,세검정,126.9621205,37.60094968
2110451,증산역 4번,126.9093555,37.58673033
2110130,답십리역 6번,127.0515683,37.5648507
2110261,사가정역 4번,127.0883467,37.57763204
2110309,대광초등학교,127.0246916,37.58110432
2110018,중앙고등학교,126.9873993,37.58246673
2110266,면목동우체국,127.091591,37.58299048
2110021,성균관대학교,126.9954939,37.58493604
2110242,면목5동주민센터,127.077588,37.58468538
2110302,보문역 8번,127.0189976,37.58350201
2110471,응암동우체국,126.9192346,37.59144069
2110449,증산역 3번,126.9074126,37.58315188
2110498,증산역 1번,126.9136134,37.5860758
2110815,공군호텔,126.9219337,37.51139784
2110820,성남고등학교,126.9234899,37.50490261
2110817,대방역 4번,126.9230955,37.51450706
2110824,대방역 3번,126.9269215,37.51157222
2110558,경성고등학교,126.9153591,37.56420993
2110509,연희대우아파트앞,126.9285493,37.56004704
2110469,응암정보도서관,126.918832,37.58680931
2110503,명지대학교교회,126.9239536,37.58284835
2110484,역촌역 3번,126.9271124,37.60592474
2110490,녹번동근린공원,126.9317222,37.60535086
2110473,구산역 1번,126.921454,37.61286773
2110472,연신내역 4번,126.921111,37.61585879
2110584,아현역 4번,126.9531565,37.55708608
2110571,신수동주민센터,126.9364842,37.54550046
2110480,연신내역 3번,126.92547,37.61754647
2110572,서강대역 1번,126.9367178,37.55037499
2110829,장승배기역 5번,126.9380996,37.50783043
2110847,예술인마을,126.9721884,37.47735329
2110885,영락고등학교,126.9393695,37.47592642
2110832,노량진초등학교,126.9422375,37.50994988
2110830,상도초등학교,126.9392029,37.50020849
2110827,NH농협은행 상도동지점,126.9344746,37.50151242
2110877,신림역 8번,126.9328366,37.48677103
2110589,애오개역 3번,126.9606282,37.55315144
2110590,만리재,126.9622708,37.54988136
2110873,당곡중학교,126.9297573,37.49082378
2110879,신림현대아파트,126.9333685,37.47355353
2110013,체부동홍종문가옥,126.9698866,37.5784181
2110821,보라매역 2번,126.9235093,37.49691971
2110886,관악해태어린이공원,126.939949,37.47227762
2110813,보라매역 6번,126.9191048,37.50205251
2110810,영신초등학교,126.9169003,37.51155658
2110528,서울여자간호대학교,126.9478559,37.59532206
2110001,이북5도청사,126.9568838,37.60934511
2110587,공덕동주민센터,126.9590801,37.54887118
2110068,남영역 1번,126.9674691,37.54069271
2110586,서울서부지방법원,126.9564999,37.54897837
2110588,한겨레신문사,126.9599632,37.54806058
2110840,중앙대학교,126.95865,37.5081007
2110060,효창공원앞역 6번,126.9587013,37.53805905
2110533,충정로역 7번,126.9602513,37.55961147
2110069,숙대입구,126.9678631,37.54546812
2110846,남성역 1번,126.9704,37.48260574
2110848,양지어린이공원,126.9759518,37.48148074
2110338,인수초등학교,127.0081806,37.64216664
2110902,사당역 4번,126.9766891,37.47383131
2110850,사당역 10번,126.9780101,37.47941783
2110064,효창공원앞역 2번,126.9639607,37.54209725
2110237,메가박스 상봉,127.0749794,37.59138143
2110273,장스여성병원,127.0985884,37.60071636
2110334,석관중앙교회,127.0624021,37.60767867
2110445,덕산중학교,126.9065978,37.60092781
2110265,망우역 1번,127.0915315,37.59916333
2110486,은평구청,126.9296978,37.60240343
2110333,돌곶이역 5번,127.0592673,37.61055444
2110027,혜화역 1번,127.005638,37.58176449
2110313,안암역 3번,127.0296966,37.58362595
2110017,정독도서관,126.9836742,37.58370063
2110443,수색역 1번,126.895365,37.584214
2110203,떡전교사거리,127.0486044,37.58483602
2110252,장안제일시장,127.0819138,37.58551137
2110521,홍제역 4번,126.9425844,37.58853514
2110142,화양사거리,127.0681447,37.54629977
2110215,회기역 1번,127.0585728,37.59144478
2110006,부암동주민센터,126.9625211,37.59243544
2110457,예일여고,126.9132438,37.61183486
2110274,서일대학교,127.0988344,37.58977812
2110197,세종대왕기념관교차로,127.0412824,37.59056011
2110222,회기역 2번,127.061652,37.5907134
2110213,청량초등학교,127.0565585,37.59301348
2110286,한성대입구역 5번,127.003442,37.58969331
2110841,중대부중,126.963402,37.50444419
2110063,효창공원앞역 5번,126.9633407,37.53733978
2110061,효창동주민센터,126.9593214,37.54224892
2110269,용마문화복지센터,127.095073,37.58794319
2110067,배문고등학교,126.9670921,37.54891873
2110066,서울역 15번,126.9665809,37.5532614
2110532,아현역 2번,126.9576483,37.55941235
2110922,내방역 1번,126.9968793,37.48607829
2110904,이수역 5번,126.9848831,37.48443752
2110907,방배초등학교,126.9867255,37.48762731
2110084,경리단길북측,126.9920001,37.54182317
2110085,경리단길남측,126.9921702,37.53844443
2110253,중곡초등학교,127.0826589,37.57332941
2110031,창신역 1번,127.0144569,37.57935809
2110081,해방촌 남동측,126.9858897,37.54284974
2110080,해방촌예술마을,126.9831955,37.54774181
2110079,후암동주민센터,126.9794264,37.55050728
2110074,서울역 12번,126.9740736,37.55090267
2110077,삼광초등학교,126.9763151,37.54829925
2110849,이수역 10번,126.9770132,37.48576975
2110292,정릉역 2번,127.0101017,37.60455028
2110289,북한산보국문역 2번,127.0066367,37.60918161
2110123,마장역 3번,127.0449474,37.56588955
2110355,삼양사거리역 2번,127.0179539,37.62168615
2110284,정릉북한산국립공원입구,127.0001699,37.61859713
2110339,국립4.19민주묘지,127.0082944,37.64662651
2110022,경신고등학교,127.0000226,37.5889996
2110285,홍대부중,127.0015173,37.59388297
2110135,성동세무서,127.059355,37.54989049
2110042,남산골공원옆,126.9952354,37.55568071
2111047,마천1치안센터,127.1564063,37.49621023
2110196,홍릉근린공원,127.0410543,37.58767701
2110527,홍제역 2번,126.9467056,37.58869024
2110277,러스크서울병원,127.103545,37.59826143
2110314,종암경찰서,127.0323761,37.6013027
2110522,홍제역 3번,126.9438768,37.58633734
2110263,면목역 1번,127.0899711,37.59165027
2110516,정원여중,126.9343109,37.58496289
2110199,홍릉시장,127.0428983,37.58489229
2110228,장안근린공원,127.0695299,37.57570749
2110632,방화역 3번,126.8100354,37.57452997
2110493,북가좌초등학교,126.9057797,37.57621294
2110201,전농119안전센터,127.0462214,37.57599823
2110487,불광역 8번,126.9297229,37.61185483
2110510,홍연시장,126.9304131,37.57616696
2110035,동묘앞역 2번,127.0190749,37.57578048
2110282,국민대학교앞,126.9974631,37.6078393
2110428,상계5동주민센터,127.0714258,37.66420136
2110399,창2동주민센터,127.0377761,37.64265642
2110411,도봉역 3번,127.0460796,37.67653038
2110441,영신여고,127.0840474,37.65041703
2110255,상봉역 4번,127.0832928,37.59362834
2110276,신내IC북측,127.1012848,37.61835545
2110387,쌍문초등학교,127.0240573,37.65064273
2110384,문이교,127.0166029,37.65885197
2110247,먹골역 1번,127.0794719,37.61016415
2110422,노원역 9번,127.0633971,37.65906134
2110326,장위동성당,127.047784,37.61210935
2110324,월곡역 4번,127.0458422,37.60382102
2110157,자양동우체국,127.0805745,37.52983968
2110352,수유1동주민센터,127.0156222,37.62995754
2110363,송천동주민센터,127.0226649,37.6180003
2110370,도봉세무서,127.0266975,37.61871124
2110002,독립문역 1번,126.957209,37.57554001
2110227,답십리공원,127.0669941,37.57569995
2110642,정곡초등학교,126.8185739,37.57795817
2110502,남가좌파출소,126.9227951,37.57553153
2110028,이화달팽이길,127.0062602,37.57609721
2110507,명지대학교,126.9253047,37.57901098
2110033,창신역 4번,127.0165621,37.57724948
2110254,오거리공원,127.0830932,37.57702318
2110311,종암아이파크2차후문,127.0288192,37.5983664
2110232,동대부고,127.073867,37.57707437
2110019,창덕궁,126.991555,37.57570063
2110257,상봉역 7번,127.0859603,37.59933871
2110377,미아사거리역 3번,127.0331506,37.61139358
2110214,경희대후문,127.056573,37.59720309
2110306,미아초등학교,127.0226167,37.60819755
2110318,KT월곡지사,127.0354917,37.60419399
2110531,홍지문,126.9572076,37.59779453
2110470,신진과학기술고등학교,126.9192282,37.59733317
2110037,신설동역 12번,127.0219283,37.5781496
2110192,동의보감타워,127.037109,37.57709164
2110640,방화역 1번,126.8146452,37.57809622
2110319,종암동주민센터,127.0364859,37.59935537
2110354,삼각산119안전센터,127.0169,37.61961404
2110020,서울국제고등학교,126.9953691,37.58910763
2110321,동덕여대,127.0413141,37.60696714
2110447,구산초등학교,126.9072389,37.6135692
2110996,대치2동주민센터,127.0638067,37.50178367
2110299,정릉역 1번,127.0177566,37.60171126
2110489,불광역 3번,126.9310186,37.60697223
2110251,장안중학교,127.0819183,37.59992723
2110478,응암1동주민센터,126.9249555,37.59978764
2110308,길음역 8번,127.0246438,37.60781873
2110278,망우본동주민센터,127.1043656,37.60207189
2110335,석계역 7번,127.0640261,37.61293056
2110336,석관고등학교,127.0643179,37.60977694
2110440,상계3동4동주민센터,127.0837656,37.67191464
2110112,행당역 2번,127.0312374,37.55915452
2110466,구산역 2번,126.917948,37.6082703
2110250,화랑대역 7번,127.0816772,37.61760481
2110432,대진고등학교,127.0740951,37.63593588
2110442,화랑대철도공원,127.0899992,37.62441022
2110414,장석교회,127.0524132,37.62381122
2110010,평창동서측,126.9673146,37.60942955
2110272,신내1동주민센터,127.0981196,37.60588844
2110316,숭곡초등학교,127.0337041,37.60801471
2110382,솔밭공원역 1번,127.0139051,37.65609531
2110003,세검정초등학교,126.9588005,37.60448946
2110477,은평세무서,126.9247824,37.60307615
2110221,의릉,127.061006,37.60393128
2110310,길음역 10번,127.0264319,37.60416032
2110417,월계역 3번,127.057676,37.63254833
2110462,갈현건영아파트,126.9157878,37.62567587
2110953,학동근린공원,127.0273283,37.51592549
2110429,공릉동 국수거리,127.0728236,37.62161099
2110983,국립국악고등학교,127.0501517,37.47772434
2110491,불광중학교,126.933904,37.62261504
2110420,광운대역 1번,127.0597746,37.62173545
2110190,고대앞사거리,127.0340332,37.58466993
2110301,성신여대입구역 7번,127.0186156,37.59538617
2110329,우리은행체육관,127.0530084,37.6164679
2110454,선정중학교,126.9128411,37.61721346
2110105,금동어린이공원,127.0228138,37.54914636
2110984,포이초등학교(개포목련어린이공원),127.0521613,37.47369596
2110899,낙성대역 5번(관악중학교),126.9628829,37.47936899
2110901,인헌고등학교(인헌중학교),126.9681432,37.47200027
2110943,법제교육센터(버들어린이공원),127.0463842,37.47342806
2110937,방아다리근린공원(횃불트리니티신학대학원대학교),127.0362573,37.47814389
2110876,서원동주민센터(신관중학교),126.9323797,37.47941854
2110920,방배역 2번(백석예술대학교),126.9965064,37.480474
2110913,방현초등학교(방배119안전센터),126.9900963,37.47734713
2110732,가산초등학교(세일중학교),126.8971442,37.47587919
2110893,관악소방서(문영여고),126.9525524,37.4745539
2110900,낙성대역 1번(관악구민 종합체육센터),126.9632698,37.47414326
2110328,상월곡역 3번,127.050419,37.60622479
2110371,삼양입구사거리,127.0275463,37.6165757
2110481,불광역 7번,126.9263135,37.61224018
2110368,송천초등학교,127.0249179,37.61462114
2110424,상계초등학교,127.0673974,37.6588519
2110374,송중초등학교,127.0306285,37.62002573
2110479,연신내역 2번,126.9250461,37.62236648
2110364,미아역 8번,127.0229171,37.62749666
2110467,은평요양병원,126.9185525,37.62510118
2110482,연신초등학교,126.9269343,37.62593558
2110194,홍파초등학교,127.0401018,37.58483921
2110433,공릉역 2번,127.0756358,37.62465455
2110369,성신여대운정그린캠퍼스,127.0258869,37.6327578
2110474,세명컴퓨터고등학교,126.9221774,37.62515769
2110359,수유시장옆,127.020156,37.63892166
2110409,창동역 2번,127.0434033,37.65510607
2110346,4.19민주묘지역 2번,127.0125441,37.64983363
2110385,효문고등학교,127.0184038,37.65461708
2110345,솔밭공원역 2번,127.0125341,37.65754605
2110341,북한산우이역 2번,127.0092481,37.66203324
2110349,화계역 2번,127.0145919,37.63316519
2110344,화계중학교,127.0122693,37.63266991
2110357,가오리역 1번,127.0185369,37.64322863
2110426,상계2동주민센터,127.069503,37.65628288
2110404,신창초등학교,127.0403566,37.6373758
2110348,강북문화예술회관,127.014537,37.64234623
2110492,하나고등학교,126.9384989,37.6412409
2110525,홍은종합사회복지관,126.9451386,37.59483429
2110366,광산사거리,127.024191,37.643588
2110408,가인초등학교,127.0418529,37.65890878
2110430,중계초등학교,127.074049,37.65791089
2110419,수락산디자인거리,127.0587082,37.67731763
2110410,방학역 2번,127.044783,37.66925096
2110406,도봉산역 1번,127.0413714,37.68997472
2110415,수락산역 4번,127.0529598,37.67565354
2110403,방학1동주민센터,127.0396802,37.66506323
2110413,누원고등학교,127.0479659,37.68358429
2110392,발바닥공원,127.0323104,37.65887574
2110425,계상초등학교,127.0686572,37.66082432
2110431,상계역,127.07412,37.66093815
2110233,중랑역 1번,127.0738857,37.59607629
2110220,외대앞역 1번,127.060829,37.59507463
2110378,송중동주민센터,127.0346697,37.61451056
2110568,광흥창역 1번,126.9311285,37.54911046
2110574,서강대학교,126.9396836,37.5492593
2110138,송정체육공원,127.0669495,37.55116584
2110865,남강고등학교(남강중학교),126.9204358,37.4733383
2110942,염곡동 구룡사(포이동성당),127.0462236,37.46949972
2111001,아래방죽마을공원(율현초등학교),127.1093165,37.47175577
2110940,양재근린공원(양재2동주민센터),127.0406065,37.47179035
2110862,난곡초등학교(난곡동벽화마을),126.9182217,37.4718321
2110898,청림동주민센터(상도중학교),126.9586368,37.49094554
2111042,거여역 1번(거여공원),127.1437082,37.49684806
2110407,도봉역 2번,127.0413635,37.67559511
2110163,성자초등학교,127.0844898,37.53062081
2110416,노원초등학교,127.0573897,37.67272329
2110418,광운대학교 남단,127.0579024,37.61771798
2110124,뚝섬역교차로,127.0456055,37.54985155
2110230,장안현대홈타운1차아파트,127.0711654,37.56943559
2110241,먹골역 5번,127.0773293,37.60822844
2110239,중랑역 2번,127.076445,37.59626387
2110322,장위1동주민센터,127.0417946,37.61561647
2110327,상월곡역 2번,127.0501037,37.60884681
2111031,장지동주민센터(한림연예예술고교),127.1303567,37.48603344
2111050,강동구청(강동구청역 2번),127.1243929,37.53066662
2110062,한강로동땡땡거리(은행나무길),126.9618306,37.52552718
2110562,연트럴파크(연남동주민센터),126.9236336,37.56359389
2110007,사직공원(한국사회과학도서관),126.9649983,37.57363247
2111024,경찰병원역 4번(건너말공원),127.1235268,37.49253704
2110008,배화여자대학교(박노수미술관),126.966354,37.57959745
2110202,전농1동주민센터(전농시장),127.0471505,37.57738539
2110421,석계역 1번,127.0622166,37.61607598
2110680,온수역 5번(온수산업단지),126.8189243,37.49393149
2110875,보라매동주민센터(당곡고등학교),126.932077,37.48903213
2110884,봉천역 4번(봉천110안전센터),126.9391247,37.48508054
2110707,구로창업지원센터,126.8791026,37.50985709
2110108,성동구립금호도서관,127.0254748,37.55402923
2110281,길상사,126.9932171,37.59747774
2110515,홍은중학교,126.9339757,37.59269322
2110280,북정마을,126.9912472,37.59362137
2110529,홍제3동주민센터,126.9482201,37.59254716
2110317,종암중학교,127.0340373,37.59358074
2110009,자하문터널,126.9667886,37.59524781
2110883,은천초등학교(은천교앞),126.9369178,37.4875031
2111057,천호공원(해공체육문화센터),127.1299467,37.54303136
2110769,대림차이나타운(대림역 12번),126.8970894,37.49108816
2110851,경문고등학교(동작동성당),126.9795444,37.49150062
2110860,호림박물관(성보고등학교),126.9176574,37.48131033
2110867,국제신학대학원대학교(남서울중학교),126.9231401,37.48204384
2110905,방배노인종합복지관(이수중학교),126.9859011,37.48187879
2111028,문현중학교(장지역 1번),127.1273302,37.4815317
2110894,관악동부센트레빌아파트(은천로35라길),126.9535956,37.48781717
2110113,응봉산,127.0313691,37.54928856
2110583,공덕래미안3차아파트,126.9524487,37.54898582
2110679,염창역 2번,126.8771959,37.54839094
2111075,굽은다리역 2번,127.1411372,37.54876689
2110178,장로회신학대학교,127.1031255,37.54868006
2111086,한영중고,127.1543638,37.54770518
2110172,광진초등학교,127.0896573,37.54711431
2110578,대흥역 2번,126.9446408,37.54844182
2110405,방학역 1번,127.0406571,37.66911731
2110939,양재역 8번(양재동우체국),127.0394701,37.48202621
2110924,반포4동주민센터(몽마르뜨공원),127.0006559,37.4963408
2111022,석촌중학교(방이육교),127.12266,37.50184534
2110822,신대방삼거리역 4번(대림초등학교),126.9263316,37.50181397
2110801,신풍역 6번(신길6동공영주차장),126.9110864,37.50211883
2111035,오금공원(오주중학교),127.1348647,37.50300334
2111046,마천역(마천초등학교),127.1512602,37.49580247
2110117,성동구보건소,127.0351799,37.56730743
2110046,버티고개,127.006111,37.55153605
2111074,명일역 1번,127.1402255,37.55138988
2110930,서초동성당,127.0210213,37.49276193
2110934,우면주공아파트,127.0260684,37.47097453
2110929,남부터미널역 1번,127.0204096,37.4886084
2110928,서초우방유쉘아파트,127.0117596,37.48895196
2110927,잠원역,127.0113901,37.51276558
2110048,장충동주민센터,127.0084886,37.56103242
2111052,암사역 3번(천호동자전거거리),127.1248976,37.54837973
2111089,상일여고(상일초등학교),127.1706944,37.54834043
2110743,시흥초등학교(시흥1동우체국),126.9040892,37.45535099
2110396,쌍문역1번(쌍리단길),127.0364532,37.64835106
2110291,한성대입구역 3번,127.0097935,37.58583671
2110029,동대문역 1번,127.0111507,37.57607883
2110293,삼선중학교,127.0106434,37.59135972
2110296,성신여대입구역 4번,127.0137805,37.59533277
2110295,정릉우체국,127.0125256,37.60695569
2110188,용두동신동아아파트,127.0328728,37.57192119
2110191,고려대역 6번,127.035937,37.58820126
2110187,제기동역 6번,127.0324897,37.57604785
2110390,방학초등학교,127.0316322,37.6630745
2110391,샘말어린이공원,127.0317933,37.66880469
2110400,도봉구보건소,127.0389629,37.65882868
2110380,강북문화정보도서관,127.0363296,37.62728606
2110290,북한산보국문역 1번,127.0088684,37.61357829
2110746,금천금빛공원(은행나무사거리서측),126.9043876,37.45183728
2111018,풍납초등학교(풍납백제문화공원),127.116607,37.53657611
2111054,암사역 4번(삼성광나루아파트),127.128279,37.553701
2111000,대왕초등학교(세곡동사거리서남측),127.1067727,37.46366702
2110978,도곡2동주민센터(대치중학교),127.0469444,37.48337498
2111073,둔촌동역 1번(한산중학교),127.1400742,37.53102748
2111079,둔촌고등학교(둔촌중학교),127.1446781,37.5306345
2111053,성내천어린이공원(하니사랑길),127.1250192,37.52632313
2111062,둔촌동역 3번(성내3동주민센터),127.1317695,37.52430656
2111049,천호지구대(천호동자전거거리),127.1234526,37.54363299
2111048,천호역 1번(천호문구완구거리),127.1211057,37.54081529
2111059,강동역 4번(강풀만화거리),127.1301681,37.53370577
2111077,길동주민센터(강동도서관),127.1432994,37.53733962
2110294,서경대학교,127.0122771,37.61083898
2110351,수유북부시장옆,127.0153062,37.63605726
2110350,가오리역 2번,127.0147177,37.63903959
2110375,서울북부고용노동지청,127.0313933,37.63405389
2110367,강북구청,127.0242468,37.64079494
2110365,미아역 5번,127.0234029,37.62357727
2110360,수유초등학교,127.0204148,37.63217324
2110307,길음역 7번,127.0233517,37.60449434
2110361,삼양사거리역 1번,127.0218956,37.62098272
2110300,삼선동주민센터,127.0185915,37.58918734
2110303,성신여대입구역 1번,127.021197,37.59414236
2110304,보문역 4번,127.0215913,37.58699742
2110297,경동고등학교,127.0138359,37.58833205
2110181,신설동역 9번,127.0270092,37.57204882
2110182,용두희망어린이공원,127.0270235,37.58045509
2110056,신당역 3번,127.021256,37.56254449
2110402,도봉구 정병원,127.039531,37.66167559
2110325,장곡초등학교,127.0460316,37.61702043
2110315,종암아이파크2차,127.0329518,37.5970769
2110372,강북중학교,127.0283039,37.64321768
2110376,수송초등학교,127.0321322,37.63975692
2110323,상월곡역 1번,127.0445185,37.60600192
2110971,선정릉역 4번,127.0426163,37.50721726
2110394,방학중학교,127.0354192,37.66631695
2110356,덕수교,127.0184475,37.64824713
2110397,도봉산입구,127.0364928,37.68293068
2110362,우이천 계성교,127.0224243,37.64639942
2110358,인수동 우편취급국,127.0198268,37.63621876
2110353,수유동우체국,127.0161921,37.64613015
2110980,개포지구대옆,127.0482091,37.48082462
2110955,논현초등학교,127.0293277,37.5090954
2110958,역삼역 4번,127.0323563,37.50322907
2110957,언북중학교,127.0316613,37.5177985
2110116,청계천박물관,127.0351021,37.57040688
2110869,"신림역 5번(신림동주민센터, 신림동별빛거리)",126.9250234,37.4869195
2110235,세화어린이공원,127.0746922,37.5985445
2111034,오동나무공원(송파레미니스1단지),127.134238,37.50666214
2111013,송파나루역 1번(송리단길),127.1081947,37.50913959
2110909,남태령역(서울전자고등학교),126.9888883,37.46645381
2110759,문래예술촌(문래창작촌),126.8917403,37.51498705
2111060,암사역 2번(서울강동초등학교),127.1302138,37.54697744
2111087,고덕중학교(고덕2동주민센터),127.1630054,37.56150585
2111066,암사동성당(효정하나플러스아파트),127.1347782,37.54919779
2110945,본마을노인복지센터(서초구립내곡도서관),127.0527811,37.4549186
2110931,삼성전자서울R&D(서울우면초등학교),127.0210591,37.46602898
2111085,묘곡초등학교(고덕아이파크아파트),127.1535195,37.56088787
2110726,금천철쭉어린이공원(금하마을),126.8906876,37.45342019
2111072,굽은다리역 1번(십자성마을),127.1392935,37.54315586
2110754,삼성산자연공원(서울금천초등학교),126.9101502,37.45286895
2110750,시흥4동주민센터(서울신흥초등학교),126.9068782,37.45755169
2110936,더케이호텔(양재리본타워2단지아파트),127.0352565,37.46566519
2110742,KT금천빌딩(금천구시설관리공단),126.902834,37.44716876
2110947,청계산입구역 2번(내곡동주민센터),127.058765,37.44692379
2110749,금산초등학교(금천고등학교),126.905474,37.44171076
2110730,서울축산농협 독산역지점(독산파출소),126.8946725,37.46478557
2110998,은곡마을(은곡마을공원),127.0981521,37.4667109
2110881,구립대학경로당(관악산샘말공원),126.936087,37.467284
2110874,원신초등학교(구세군관악영문교회),126.9307734,37.46803786
2110887,서울산업정보학교(서울삼성초등학교),126.9411156,37.46947607
2110944,서울나래학교(염곡어린이공원),127.0513286,37.46281211
2110870,신림주공2단지(광신고등학교),126.9265049,37.46353022
2120234,가락시장역,127.1182614,37.49510129
2120175,남부터미널역,127.018102,37.48503177
2120137,문래역(문래로데오거리),126.8963851,37.51799155
2120035,퇴계로5가,127.0021845,37.56353748
2120073,미아사거리,127.0286756,37.60783584
2120010,원남동사거리,126.9976793,37.57511527
2120013,이화사거리,127.0015962,37.57535855
2120196,서울세관,127.0353477,37.51520256
2120203,강남구청역,127.0405854,37.51636317
2120143,당산역,126.9015441,37.53449331
2120127,구로구청,126.8906353,37.49709207
2120150,63빌딩,126.9394358,37.51977843
2120008,인사동,126.9853065,37.57378991
2120021,시청역_8번,126.9742056,37.56185883
2120006,종각역,126.983496,37.57033886
2120118,마곡역(마곡),126.8267778,37.5599506
2120100,망원역,126.9109437,37.55560217
2120111,목동사거리,126.8630884,37.53386033
2120075,월곡역,127.0427275,37.60312842
2120198,구역삼세무서,127.037453,37.49537079
2120045,남영동 먹자골목,126.9732956,37.54282954
2120147,보라매역,126.9213141,37.49826077
2120061,올림픽대교북단,127.0958177,37.5418116
2120056,구의역,127.0855156,37.53724243
2120029,을지로2가,126.9858628,37.56500527
2120048,금호역,127.0196225,37.54855228
2120174,논현역 5번,127.0166495,37.51231445
2120071,성북구청,127.0156137,37.58942203
2120162,방배동카페골목,126.9858419,37.49614173
2120057,아차산역,127.0886443,37.55178225
2120146,한강성심병원,126.9103384,37.52235481
2120095,홍제역,126.9445774,37.58815768
2120176,논현역 4번,127.0189899,37.50830463
2120154,장승배기역,126.9414049,37.50427314
2120179,양재역,127.0333543,37.48383912
2120113,오목교역,126.8740462,37.52369121
2120089,구파발역,126.9194224,37.6377336
2120058,구의사거리,127.0886476,37.5449707
2120019,경찰청앞교차로,126.9698475,37.56315523
2120139,대림3동사거리,126.8972243,37.49993616
2120082,상계백병원,127.0624925,37.64799776
2120248,명일역,127.1449896,37.55128501
2120134,구로전화국,126.9060143,37.4794816
2120241,거여역,127.1455677,37.49356612
2120023,서울시청,126.9776673,37.56762591
2120067,장안동사거리,127.0714281,37.57187713
2120044,삼각지역,126.9731178,37.53380148
2120168,서울고교교차로,127.0047034,37.48196963
2120235,문정역,127.1190599,37.48521644
2120124,개봉동 현대아파트,126.8558985,37.48964854
2120189,강남역,127.0279776,37.49798633
2120080,마들역,127.0574525,37.66592987
2120144,영중로,126.9049251,37.52714391
2120206,개나리아파트,127.0441372,37.49723356
2120009,종로3가역,126.9909214,37.57276334
2120215,포스코사거리,127.056369,37.50677001
2120207,선정릉역,127.0454124,37.51140589
2120178,신사역,127.0204849,37.51580975
2120017,동묘앞역(동묘),127.0149197,37.57299701
2120042,"숙대입구역(남영역, 남영동)",126.9719605,37.54254091
2120074,안암역,127.0295276,37.58579738
2120180,양재화물트럭터미널앞,127.0371097,37.46435816
2120164,내방역,126.994256,37.48817754
2120199,경복아파트교차로,127.0388959,37.50852501
2120170,삼호가든사거리,127.0109361,37.50216981
2120088,구산역,126.9168114,37.61185544
2120218,코엑스,127.0590875,37.51204857
2120018,중림동,126.9684684,37.5590283
2120079,창동역,127.0480481,37.65277073
2120129,구로디지털단지,126.8953579,37.48399571
2120052,성수역,127.0571897,37.54482794
2120171,서초3동사거리,127.0119847,37.4823115
2120047,한남오거리,127.0074672,37.53271409
2120136,영등포구청역,126.8949603,37.52568486
2120055,군자역,127.0794499,37.55752815
2120205,매봉역,127.0436093,37.48390786
2120185,논현역,127.0221122,37.51069175
2120246,길동역,127.1385585,37.53732726
2120142,대림역,126.897843,37.49399006
2120081,노원역,127.062465,37.6558093
2120016,동대문역,127.0118065,37.57117735
2120070,한성대입구역,127.0083107,37.58930565
2120004,종로구청,126.9807331,37.57396044
2120086,태릉입구역,127.0775104,37.6190492
2120117,강서농산물도매시장,126.8205232,37.55346309
2120077,미아역,127.0259411,37.62567604
2120097,충정로역,126.9635216,37.56075679
2120231,가락시장,127.1111807,37.49392785
2120068,사가정역,127.0879776,37.58144352
2120001,서대문역,126.9661447,37.56675821
2120085,은행사거리,127.0767154,37.64997153
2120135,양평역,126.8888405,37.52538192
2120141,영등포청과시장교차로,126.8977833,37.52123638
2120224,수서역,127.1028383,37.48780856
2120169,서초역,127.0082094,37.49173637
2120011,종로4가,126.9978493,37.57101574
2120092,불광역,126.9292501,37.60880019
2120211,도성초등학교,127.0526097,37.5005458
2120214,영동대교남단교차로,127.0546852,37.52425928
2120015,종로6가,127.0072447,37.57242109
2120249,고덕역,127.1546927,37.5535342
2120083,등나무근린공원,127.0664399,37.6399318
2120116,송정역,126.8092989,37.56147337
2120020,시청역_1번,126.9741483,37.56382299
2120050,서울숲역,127.0467209,37.54203945
2120024,회현역,126.9789492,37.55731874
2120239,오금역,127.1261208,37.50197685
2120177,신논현역 1번,127.0199618,37.50540324
2120026,을지로입구역,126.9836664,37.56760887
2120087,응암역,126.9163277,37.59879075
2120140,문래동주민센터,126.8976092,37.51619062
2120210,선릉역,127.049016,37.50458385
2120037,동대문역사문화공원역,127.007527,37.56532123
2120039,신당역,127.0153596,37.5649871
2120195,성수대교남단,127.0340863,37.52729439
2120222,삼성역,127.0627612,37.50928059
2120243,천호역,127.1264312,37.53844909
2120229,방이동먹자골목,127.1094351,37.51431021
2120145,영등포역(영등포),126.9066664,37.51872994
2120238,방이역,127.1250242,37.50898783
2120028,명동(명동거리),126.9842559,37.56323011
2120130,구로디지털단지역,126.9012954,37.48281149
2120221,봉은사역,127.0620645,37.51483114
2120193,도산공원교차로,127.0335745,37.52130287
2120106,마포역,126.9461865,37.53915323
2120054,어린이대공원역,127.0734985,37.54770211
2120187,신논현역,127.0256278,37.50496966
2120151,보라매공원,126.9252453,37.4911724
2120043,서울역,126.9727254,37.55483972
2120123,오류동역,126.8451669,37.49557259
2120036,장충동족발거리(남소영길),127.0056703,37.56002347
2120032,충무로역,126.9952124,37.56144709
2120244,암사역,127.1277433,37.55148513
2120128,신도림역,126.8907437,37.50806642
2120063,청량리역(청량리),127.0472096,37.58136776
2120012,대학로(혜화역),127.0011548,37.58300799
2120007,북촌(안국역),126.9852034,37.57974547
2120022,북창동(시청역_6번),126.9774309,37.563229
2120103,홍대입구역(홍대),126.9220488,37.55297911
2120138,당산2동(영등포우체국),126.89681,37.52977703
2120202,압구정로데오역(압구정로데오),127.0401838,37.52683296
2120186,가로수길,127.0225903,37.52086399
2120109,서울남부지방법원,126.8605999,37.52141459
2120197,역삼역,127.0361549,37.50034475
2120133,서울시흥동우체국(홈플러스시흥점),126.9016737,37.4529433
2120152,신대방삼거리역,126.9272045,37.49966111
2120062,신설동역,127.0238293,37.57517595
2120003,광화문역,126.9743152,37.57210317
2120040,용산전자상가(용산역),126.9611478,37.53329359
2120217,대치사거리,127.057893,37.50320129
2120155,총신대학교,126.9645971,37.48845168
2120120,화곡역,126.8387815,37.54111873
2120066,장한평역(장한평),127.063813,37.56233995
2120112,등촌역,126.8650829,37.55091853
2120236,장지역(가든파이브),127.1223503,37.47839244
2120041,신용산역(용산역),126.9633679,37.52792433
2120030,중부경찰서(영화인의거리),126.9903567,37.56236581
2120107,공덕역(공덕오거리),126.9520784,37.54407523
2120076,수유역,127.0247556,37.63776753
2120072,성신여대,127.0168712,37.59257533
2120183,양재천카페거리,127.0437316,37.48034883
2120212,한티역,127.0537495,37.49720255
2120192,뱅뱅사거리,127.0309938,37.49028197
2120069,상봉역,127.0880741,37.59611161
2120046,이태원(이태원역),126.9946484,37.53503879
2120153,노량진역(노량진),126.9411938,37.51393181
2120034,중구청(퇴계로4가),126.9983814,37.56357353
2120053,건대입구역(건대),127.0694638,37.54114528
2120049,왕십리역(왕십리),127.0375089,37.56190073
2120165,서래마을카페거리(서래마을),126.9976252,37.49776437
2120163,사당역 11번(사당역먹자골목),126.9866704,37.47920288
2120114,목동신시가지,126.8776635,37.53227254
2120065,회기역,127.0581637,37.58955289
2120166,방배역,126.9976596,37.48120385
2120247,굽은다리역,127.1423079,37.54552189
2120245,둔촌역,127.1349294,37.52633925
2120121,까치산역,126.8476637,37.53012031
2120219,은마아파트,127.0604343,37.49901935
2120098,DMC(디지털미디어시티),126.8899488,37.57950589
2120102,서교동(홍대),126.9171575,37.55510213
2120160,사당역(사당),126.9825219,37.4761389
2120149,여의도역(여의도),126.9251003,37.52310392
2120184,포이사거리(삼호물산),127.0457874,37.47722155
2120002,서촌(경복궁역),126.9711654,37.5796708
2120228,석촌역(석촌호수),127.1055329,37.50642097
2120125,구로역,126.8785838,37.5020088
2120204,르네상스호텔사거리,127.0429078,37.50279322
2120091,본서부병원,126.922044,37.60094803
2120122,강서구청,126.8506986,37.55135172
2120200,학동사거리,127.0394125,37.52289584
2120172,교대입구교차로,127.012664,37.48780758
2120158,녹두거리(대학동),126.9370793,37.47024886
2120225,잠실새내역(신천),127.0832,37.51020501
2120148,국회의사당역(국회의사당),126.9213844,37.52828227
2120099,월드컵경기장역(월드컵경기장),126.8966076,37.56981721
2120190,강남을지병원,127.0282686,37.51978157
2120132,독산동,126.8937705,37.47117293
2120188,압구정역,127.027773,37.52561117
2120242,강동구청역,127.1233845,37.52976667
2120213,삼성중앙역,127.0537715,37.51216824
2120093,연희동,126.9299009,37.5670576
2120108,신정네거리역,126.8530885,37.52145955
2120110,목동역 8번출구,126.8607162,37.52577558
2120090,연신내역,126.922025,37.61919305
2120059,구삼강변맛길,127.0921933,37.5389403
2120233,몽촌토성역,127.1132606,37.51590138
2120159,서울대입구역,126.9510785,37.48103156
2120237,경찰병원역,127.1234871,37.49593388
2120105,상수역(홍대),126.923004,37.54848375
2120208,청담사거리(청담동명품거리),127.0479884,37.52461358
2120104,연남동(홍대),126.9229807,37.56016067
2120173,교대역(법원.검찰청),127.0154694,37.49388004
2120230,송파사거리(송파역),127.1097323,37.50098408
2120181,교육개발원입구사거리,127.0380093,37.47736847
2120033,을지로4가역,126.9967741,37.5665648
2120101,합정역,126.9135767,37.54924308
2120201,도곡1동,127.0399617,37.49226149
2120096,"이화여대(이대역, 이대)",126.9451204,37.55800163
2120156,"총신대입구역(이수, 총신대)",126.9815245,37.48632015
2120194,언주역(차병원),127.0336816,37.50773372
2120161,방배동가구거리(사당동가구거리),126.9836031,37.49508726
2120119,발산역(마곡),126.8358201,37.5603059
2120157,신림역(신림),126.9293897,37.48490394
2120167,고속터미널(고속터미널역),127.003981,37.50500841
2120220,대치역,127.0620025,37.49452252
2120232,송파나루역,127.1121443,37.51064059
2120182,"양재시민의숲역(양재동꽃시장, aT센터)",127.0408205,37.47033064
2120094,"신촌역(신촌역, 신촌로터리)",126.9361468,37.55642037
2120209,"강남구청(청담역_8번, 강남세무서)",127.0488894,37.51854046
2120025,롯데백화점(시청광장 지하쇼핑센터),126.9801808,37.56499545
2120060,강변역(테크노마트),127.0948696,37.53473051
2120064,경희대학교(경희대),127.052414,37.592655
2120051,뚝섬역,127.0487493,37.54656165
2120078,미아사거리역,127.0314977,37.61280858
2120223,휘문고교사거리,127.0648719,37.50426085
2120084,공릉역,127.0740507,37.62536734
2120191,학동역,127.0295217,37.51357334
2120005,삼청동,126.9814102,37.58245693
2120014,종로5가역,127.0021734,37.57155634
2120027,명동역(명동재미로),126.984053,37.55968916
2120115,김포공항역(김포공항),126.8027596,37.56476928
2120240,개롱역,127.1348625,37.49547094
2120126,디지털단지오거리,126.8885668,37.4812234
2120131,가산디지털단지,126.8825939,37.47606385
2120226,석촌고분역,127.0966962,37.50354531
2120031,을지로3가역,126.9915221,37.56642939
2120038,약수역,127.0106381,37.55386932
2120216,경기고교사거리(경기고교앞사거리),127.0565719,37.52086161
2120227,잠실역,127.1007028,37.51427293
2130116,동성타워프라자,127.0973636,37.60802441
2130254,남서울상가,126.9069247,37.52028888
2130316,마천시장,127.1504283,37.49826328
2130131,동북프라자,127.0191882,37.6201723
2130147,쌍문역동측상점가,127.0350247,37.64693694
2130126,새석관시장,127.0526628,37.608215
2130173,백련시장,126.9231105,37.57697333
2130125,장위전통시장,127.0511815,37.61161238
2130082,면곡골목시장,127.0812302,37.57109594
2130231,독산동 우시장,126.8961396,37.46656186
2130095,청량리전통시장,127.0433833,37.58172061
2130161,증산종합시장,126.905252,37.58167254
2130096,동부시장,127.0526,37.56730095
2130258,영진시장A동,126.9159513,37.50043751
2130077,조양시장,127.0674817,37.53891195
2130026,소공지하도상가,126.9795924,37.56440069
2130249,동남상가,126.9056347,37.52059419
2130185,망원월드컵시장,126.9056778,37.55822899
2130091,청량종합도매시장,127.0407003,37.58214504
2130213,방신전통시장,126.8122623,37.57129896
2130124,번동시장,127.0480052,37.62132637
2130079,한아름시장,127.0698961,37.54360476
2130263,신노량진시장(기능상실),126.9396486,37.50847995
2130320,암사종합시장,127.1289986,37.5509702
2130321,장신구 특화거리 상점가,127.1291056,37.52771528
2130136,수유재래시장,127.0215363,37.63192977
2130199,신월3동 골목시장,126.8261825,37.53362257
2130178,이대 앞 스타트업 상점가,126.9445308,37.55942493
2130241,선유도역 골목형상점가,126.8957497,37.53558756
2130266,만양로상점가,126.9448039,37.51141074
2130073,뚝도시장,127.0545257,37.53818884
2130193,신수시장,126.9352849,37.54528357
2130060,신흥시장,126.9850179,37.54526431
2130018,동대문문구완구거리(동대문문구완구시장),127.0140705,37.57158255
2130197,마포시장,126.9535149,37.54499482
2130002,세종마을음식문화거리(금천교시장),126.9708495,37.5769317
2130030,을지로지하보도쇼핑센터(을지입구지하상가),126.9869832,37.56619472
2130189,서교시장,126.9214711,37.55345625
2130006,종로4가지하쇼핑센터,126.9978719,37.56961019
2130089,청량리수산시장,127.0404717,37.57802757
2130308,청담삼익시장,127.0576929,37.52238377
2130181,아현가구거리상점가,126.9590413,37.55783609
2130138,수유프라자,127.0235754,37.63170414
2130319,성내전통시장,127.1274979,37.53367265
2130220,등마루시장,126.8601833,37.55669724
2130324,길동복조리시장,127.1435626,37.53892506
2130117,정릉시장,127.008981,37.60810027
2130108,태능엔터피아(태릉시장),127.0776258,37.59924538
2130043,제일평화시장,127.0113307,37.56863659
2130016,동대문상가B동,127.0119534,37.56998802
2130217,화곡본동시장,126.8438912,37.54340512
2130265,노량진중앙시장,126.9447464,37.51263608
2130299,엔터식스 강남점,127.0074418,37.50519746
2130005,세운상가가동,126.995608,37.5695831
2130088,경동시장,127.0392272,37.57949661
2130149,창동신창시장,127.0369702,37.63981858
2130059,후암시장,126.9762692,37.55028144
2130112,사가정시장,127.0908644,37.58139629
2130145,쌍문역둘리상점가,127.0323729,37.64604573
2130021,신설종합시장,127.0209192,37.57266273
2130098,회기시장,127.0556739,37.59115786
2130157,상계중앙시장,127.0691776,37.65983294
2130166,응암시장(신응암시장),126.9186201,37.59426037
2130311,새마을시장,127.0855515,37.5091942
2130183,상암동상점가,126.8957936,37.57722267
2130048,동평화시장,127.0132325,37.56953739
2130164,역촌중앙시장,126.9161756,37.61327856
2130297,강남터미널지하도상점가1구역,127.0020923,37.50526074
2130190,홍대소상공인상점가,126.9216073,37.55307793
2130191,홍대 걷고싶은 거리,126.9251128,37.55582824
2130154,상계주공1단지(가)상가,127.0595114,37.64685505
2130309,은마종합상점가,127.0637109,37.49551272
2130228,구로시장,126.8855817,37.48878902
2130203,서서울 골목형상점가,126.8372198,37.53081816
2130025,삼익패션타운(남대문시장),126.9793333,37.5599317
2130240,영등포유통상가,126.894309,37.5222875
2130167,연신내상점가(연빛거리),126.9186141,37.62056025
2130180,포방터시장,126.9487479,37.59901651
2130222,오류시장,126.8433783,37.49648926
2130211,신정2동 골목시장(오목교중앙시장),126.8761782,37.52054897
2130033,대림상가(청계상가),126.9954157,37.56755585
2130140,숭인시장,127.0292441,37.61353896
2130141,강북북부골목시장,127.0302045,37.63593726
2130260,신대방1동골목상권,126.9086584,37.48998042
2130174,연희사러가,126.9296631,37.56713855
2130065,무학봉상점가,127.0302991,37.56194786
2130187,영진시장,126.9128476,37.55340515
2130218,신월중앙시장,126.8444022,37.5588489
2130255,영등포전통시장,126.9084737,37.52092079
2130275,강남골목시장,126.9049251,37.48253515
2130196,공덕시장,126.9528249,37.54454405
2130113,신아타운,127.0945868,37.60638687
2130296,남부종합시장,126.9849375,37.49479912
2130009,마전교지하쇼핑센터(구 한일상가),127.0030336,37.57004265
2130153,창동역상점가,127.0492948,37.65304952
2130001,통인시장,126.9698631,37.58061652
2130031,청계천공구상가,126.9910805,37.56760065
2130019,동대문상가D동,127.0146475,37.57000574
2130144,백운시장,127.0153783,37.65607711
2130283,신원시장,126.927221,37.48265911
2130184,마포농수산물시장,126.896231,37.56384328
2130194,용강동 상점가,126.9422586,37.5412417
2130195,도화동 상점가,126.949739,37.53963233
2130245,영일시장,126.9004582,37.51726524
2130168,연서시장,126.922602,37.61986016
2130202,신영시장,126.8358008,37.5329786
2130186,망원시장,126.9061216,37.55630121
2130310,강남개포시장,127.0676514,37.48880703
2130278,미성동 도깨비시장 골목형상점가,126.9165232,37.47433572
2130076,능동로골목시장,127.0665617,37.53504718
2130244,대림중앙시장,126.8993513,37.49081981
2130011,충신시장,127.0056601,37.57432228
2130225,개봉중앙시장,126.8546172,37.49147601
2130066,행당시장상점가,127.0332642,37.56124428
2130152,오!도봉거리 상점가,127.0454881,37.67308887
2130313,방이시장,127.1155503,37.51168247
2130294,관악중부시장,126.9563113,37.48425021
2130003,종각지하쇼핑센터,126.9839941,37.57019477
2130039,청계6가 지하도상가,127.0095535,37.5681412
2130230,가리봉시장,126.8891995,37.48153034
2130233,남문시장,126.9009224,37.47412545
2130171,불광먹자골목 골목형상점가,126.9308908,37.61045899
2130305,논현종합시장,127.0343498,37.50988693
2130051,동화동 골목형상점가,127.0172831,37.56226583
2130063,신금호역 골목형상점가,127.0203028,37.55375092
2130054,황학동주방가구거리상점가,127.0201598,37.56872551
2130049,신당 미래유산 먹거리 골목형상점가,127.0148498,37.56277973
2130020,동묘시장(동묘벼룩시장),127.017693,37.57246504
2130277,조원동 펭귄시장(신림중앙시장),126.9115502,37.48284664
2130207,신정1동 골목시장(신정제일시장),126.8542323,37.52078521
2130232,독산동 맛나는거리상점가(독산동 맛나는거리),126.9003184,37.46925948
2130133,우이골목시장(우이시장),127.0196595,37.64647199
2130253,영신상가(제일상가),126.9066536,37.51994628
2130146,쌍문시장(쌍문역골목시장),127.0336659,37.64896455
2130107,중랑동부시장(중랑교종합상가),127.0772569,37.59298373
2130132,삼양골목시장(삼양시장),127.0194386,37.62494749
2130261,성대전통시장(성대시장),126.9311177,37.4993481
2130027,명동지하쇼핑센터(소공동지하쇼핑센터),126.9814488,37.56368921
2130287,삼성동 시장(삼성동시장),126.9322293,37.47066965
2130080,자양종합시장(기능상실),127.0764019,37.5318697
2130105,장미제일시장(중화동제일시장),127.0760231,37.60447217
2130075,노룬산시장(노룬산골목시장),127.064832,37.53657084
2130044,에리어식스(벨포스트),127.0116928,37.56805992
2130071,성수역 골목형상점가,127.0532417,37.54648763
2130118,정릉골 골목형상점가,127.009763,37.61251505
2130123,꿈의숲 장곡 골목형상점가,127.0465872,37.61797526
2130242,대림중앙 골목형상점가,126.8982441,37.49007102
2130264,상도약수골목형상점가,126.9441814,37.49678713
2130290,영림시장,126.9431751,37.48155061
2130282,난곡 골목형상점가,126.9211974,37.46933832
2130326,고덕 골목형상점가,127.1700599,37.55794597
2130111,"동원전통종합시장(동원시장, 동원전통시장 상점가)",127.090377,37.59020837
2130012,"동대문종합시장(동대문종합시장 신관, 동대문종합시장D동상가)",127.0081388,37.5704929
2130302,강남시장(강남구 강남시장),127.0206893,37.51878302
2130246,영등포청과시장(조광시장),126.9009954,37.52162655
2130028,을지입구지하상가(을지로지하보도쇼핑센터),126.9819689,37.56607693
2130155,시영B상가(중계 그린아파트 B 상가),127.0637687,37.64305068
2130047,테크노상가(엘리시움),127.0131418,37.5689067
2130037,청계5가쇼핑센터(청계5가지하쇼핑센터),127.0020715,37.56913266
2130267,본동인정시장(기능상실),126.9511038,37.51153965
2130274,사당1동먹자골목상점가(사당1동먹자골목),126.9803393,37.47857129
2130084,신성시장(신성골목시장),127.0886178,37.55803519
2130128,돌곶이시장(석관황금시장),127.0622113,37.60975104
2130087,경동광성상가(경동시장),127.0391488,37.58116348
2130276,신림중앙시장(조원동 펭귄시장),126.9114931,37.48331512
2130035,방산종합시장(방산시장),127.0000792,37.5681506
2130041,신평화패션타운(청계6가 지하도상가),127.0109346,37.56939346
2130120,돈암시장(돈암제일시장),127.015852,37.59179161
2130273,남성사계시장(남성시장),126.9803029,37.48832019
2130135,수유중앙골목시장(수유중앙시장),127.0211989,37.64074147
2130236,비단길현대시장(현대시장),126.9027982,37.45732315
2130315,문정동 로데오거리 상점가(문정동 로데오거리),127.1243243,37.48930159
2130177,인왕시장(홍제골목형상점가),126.9432619,37.59091409
2130007,광장시장(광장전통시장),126.9998868,37.56989853
2130208,목동깨비시장(목3동시장),126.8652,37.54876528
2130069,"한양대앞상점가(한양시장, 왕십리맛골목)",127.0401901,37.55956627
2130165,"대림골목시장(대림시장, 양지시장)",126.9172693,37.5870605
2130137,"수유전통시장(수유시장, 수유골목시장)",127.0226123,37.63120878
2130200,"신월7동 골목시장(약수시장, 우성상가)",126.8331079,37.52293768
2130055,"황학시장(서울중앙시장, 신중앙시장)",127.02171,37.5669683
2130038,"평화시장(통일상가, 동화상가)",127.0058634,37.56877214
2130221,"남부골목시장(남부화곡시장, 남부시장)",126.8605782,37.53308253
2130083,"중곡제일시장(중곡제일골목시장, 광성시장)",127.0812223,37.5638159
2130224,개봉프라자(고척근린시장),126.8511813,37.50206756
2130024,남대문시장(자유상가),126.9779753,37.55944492
2130022,숭례문수입상가(남대문시장),126.9760965,37.5594896
2130103,이경시장,127.0660713,37.5946934
2130235,대명여울빛거리시장(대명시장),126.9022719,37.45354747
2130100,답십리시장,127.0582986,37.57387554
2130094,청량리청과물시장,127.042669,37.57996394
2130201,월정로시장,126.8341263,37.53302131
2130307,도곡시장,127.0515899,37.49776214
2130322,고분다리전통시장,127.133023,37.54220803
2130148,방학동도깨비시장,127.0351126,37.66503765
2130317,마천중앙시장,127.1510053,37.49841572
2130257,영등포시장기계공구상가,126.9103758,37.51951668
2130293,봉천중앙시장,126.9546266,37.48427661
2130032,인현시장,126.9950312,37.56330313
2130158,상계역전종합상가,127.0731341,37.66101985
2130291,봉천제일종합시장,126.9444191,37.48121783
2130182,영천시장,126.9611059,37.57036965
2130210,목2동시장,126.8730918,37.54618816
2130129,장미원골목시장,127.0142543,37.64517535
2130015,창신골목시장,127.0115917,37.57342986
2130262,상도도깨비 골목형상점가,126.9370748,37.50250494
2130130,수유북부골목시장,127.0160314,37.6363635
2130008,종오지하쇼핑센터,127.001132,37.57088962
2130114,유영시장,127.0968213,37.59157277
2130216,화곡중앙시장,126.839135,37.53457796
2130252,영등포로타리지하도상점가,126.9062497,37.51726998
2130086,서울약령시장,127.037655,37.58238031
2130056,용산용문시장,126.9602184,37.53641975
2130053,백학시장,127.0196944,37.56392328
2130204,경창시장,126.8421319,37.52448178
2130318,로데오거리상점가,127.1272355,37.53904289
2130285,서원동상점가,126.9283292,37.48251563
2130104,전곡시장,127.0686371,37.57735683
2130243,도림시장,126.8984887,37.50984831
2130004,낙원시장(낙원지하시장(대일상가)),126.9880122,37.57276308
2130250,삼구시장(로타리상가),126.9057032,37.52011672
2130072,성동용답상가시장,127.0532767,37.56393092
2130212,공항시장,126.8087519,37.56294111
2130281,우림시장,126.9203826,37.47025681
2130314,풍납시장,127.1199344,37.53715843
2130312,석촌시장,127.1073226,37.50039163
2130304,신사상가,127.028409,37.53226942
2130179,"이화여대 3,5,7길 상점가",126.9450297,37.55820882
2130078,화양제일골목시장,127.0690811,37.54323583
2130289,봉일시장,126.9383891,37.48584602
2130102,이문제일시장,127.0625467,37.60459721
2130058,이촌종합시장,126.9747628,37.52060217
2130057,만리시장,126.9636168,37.55128734
2130237,박미시장(기능상실),126.9051143,37.44017874
2130259,대신시장,126.9176925,37.51106159
2130306,강남언주로,127.0428411,37.50487457
2130323,둔촌역전통시장,127.1343098,37.5278176
2130127,석관시장,127.0603986,37.60895911
2130014,동문시장,127.0110593,37.57052871
2130106,중랑동부시장,127.07669,37.59224529
2130064,금남시장,127.022327,37.54854279
2130150,창동골목시장,127.0390769,37.63857454
2130300,강남터미널지하도상점가3구역,127.0077021,37.50693638
2130121,길음시장,127.0220149,37.60308004
2130097,답십리 건축자재시장,127.0537096,37.567796
2130268,상도전통시장,126.9520393,37.49901607
2130292,봉천현대시장,126.9465634,37.48652576
2130303,영동전통시장,127.0241475,37.5090335
2130134,"솔샘시장(미아6,7동골목시장)",127.0197883,37.61934329
2130163,응암오거리상점가,126.9153651,37.58890619
2130223,고척근린시장,126.8497336,37.50213781
2130101,답십리현대시장,127.0584745,37.56715403
2130298,강남터미널지하도상점가2구역,127.0047049,37.50604454
2130169,대조시장,126.9266329,37.60985275
2130247,우리시장,126.9050316,37.49664501
2130160,수일시장,126.8950496,37.58303342
2130074,영동교골목시장,127.0638716,37.53816613
2130067,왕십리도선동상점가,127.0341144,37.56412723
2130192,동진시장,126.9268154,37.56230748
2130215,대원종합시장,126.8364881,37.54464749
2130198,아현시장,126.9539267,37.55614934
2130010,종로신진시장,127.0050033,37.57037595
2130109,묵1동도깨비시장,127.0803509,37.61663265
2130280,신림종합시장,126.916998,37.48460756
2130256,신동시장,126.9089894,37.50608166
2130013,동대문상가A동,127.0107083,37.5699521
2130271,남성역골목시장,126.9725478,37.48358835
2130070,뚝섬역상점가,127.0492597,37.54836343
2130251,영등포시장지하도상점가,126.905975,37.51988267
2130279,관악신사시장,126.9167926,37.48628329
2130229,남구로시장,126.8871741,37.49011503
2130061,이태원시장,126.9892969,37.53389416
2130034,필동 골목형상점가,126.9965027,37.55984336
2130046,team204(팀204),127.0131076,37.56782551
2130270,흑석시장,126.9629823,37.50694885
2130151,신도봉시장,127.0416325,37.67027023
2130188,합정시장,126.9131931,37.54822467
2130301,양재시장,127.0383632,37.48409889
2130206,신정3동 골목시장,126.8532073,37.51854946
2130062,보광시장,127.0003733,37.52702901
2130122,밤나무골시장,127.0355165,37.60880705
2130040,남평화시장,127.01081,37.56915922
2130284,관악종합시장(신원시장),126.9280474,37.4815784
2130269,강남시장(동작구 강남시장),126.9533412,37.49686318
2130023,남대문로 지하상가(남대문지하쇼핑센터),126.9778617,37.56091352
2130156,시영2단지 무지개종합상가(중계 무지개2단지아파트상가),127.0655818,37.643338
2130045,광희패션몰,127.0119759,37.56867257
2130176,유진상가,126.943035,37.59159873
2130017,동대문상가C동,127.0133118,37.56999689
2130175,신촌 상인회(신촌상점가),126.9371766,37.55647499
2130205,신곡종합시장(신월6동 골목시장),126.8425752,37.51808526
2130209,목사랑시장(목4동시장),126.8663739,37.53773839
2130081,자양골목전통시장(자양골목시장),127.0794476,37.53403911
2130036,중부시장(신중부시장),127.000283,37.56557375
2130093,동서시장,127.0414123,37.57985627
2130234,푸른터시장(기능상실),126.9014147,37.47807228
2130295,인헌시장(원당종합시장),126.965531,37.47393671
2130172,모래내시장(서중시장),126.9152167,37.57000323
2130286,신신림시장(삼성동시장),126.9320144,37.47074161
2130139,강북종합전통시장(강북종합골목시장),127.0263433,37.64211894
2130214,송화벽화시장(송화골목시장),126.8351877,37.54939395
2130052,서울중앙시장(신중앙시장),127.0187557,37.56695979
2130110,면목골목시장(면목시장),127.0854949,37.57856217
2130227,고척골목시장상점가(그라운드 고척),126.8635626,37.50335293
2130288,신림현대종합상가,126.9341024,37.47457208
2130162,증산골목시장,126.911731,37.58855214
2130272,사당시장,126.9751372,37.48300327
2130239,양남시장,126.8911746,37.52285228
2130115,우림골목시장,127.0973388,37.5977171
2130143,방천골목시장,127.0331965,37.61272703
2130029,명동역지하도상가,126.9849695,37.56089662
2130248,영등포역지하도상점가,126.9051337,37.5142237
2130042,약수시장,127.0110906,37.55286016
2130238,은행나무시장,126.9100952,37.4516165
2130219,까치산시장,126.8473874,37.53242651
2130068,마장축산물시장,127.0391883,37.57006321
2130226,고척프라자,126.8628041,37.50380255
2130119,정릉아리랑시장,127.0118907,37.60276615
2130325,명일전통시장,127.1453366,37.54929338
2130159,공릉동 도깨비시장,127.0759166,37.62229379
2130090,청량리종합시장,127.0406763,37.57959523
2130142,강북북부시장,127.0304313,37.63629759
2130085,용두시장,127.0297511,37.57846324
2130050,청평화시장,127.0150209,37.56959123
2130170,제일시장,126.9293962,37.60998959
2130092,청량리농수산물시장,127.0409825,37.58059523
2130099,전농로터리시장,127.056728,37.57770553
1001492,명동 남대문 북창동 다동 무교동 관광특구,126.9818562,37.56414878
1001493,동대문패션타운 관광특구,127.0110248,37.56731216
1001494,종로?청계 관광특구,126.9973739,37.56999761
1001495,잠실 관광특구,127.1152749,37.51647607
1001496,강남 마이스 관광특구,127.0600594,37.51100291
1001491,이태원 관광특구,126.9943769,37.53443511
